old_shopify_url,content_type,current_handle_slug,proposed_nextjs_url,action,notes
/,home,(none),/,PRESERVE,Live homepage. Canonical host www.jiujitsubrotherhood.com.
/shop,shop-alias,shop,/collections/all,301,"Approved Phase 2B override (17 Sep 2026). Live Shopify /shop is a homepage duplicate (canonical /); rebuilt JJB shop destination is the established catalogue URL /collections/all."
/collections,collection-index,(none),/collections,PRESERVE,Live 200 collections list. Export redirect /collections → /collections/enso-3-0 is stale (enso-3-0 is live 404) and must not be re-applied.
/collections/all,collection-catalog,all,/collections/all,PRESERVE,Live Shopify catalog used by Main Menu Shop. Not in collections.json or sitemap_collections.
/search,shopify-system,search,/search,PRESERVE,Live Shopify search. Path can stay /search; implementation is separate. Not in JSON export.
/cart,shopify-system,cart,/cart,PRESERVE,Keep public cart path /cart. Do not use KJJ /shop/bag/ as the public URL.
/policies/privacy-policy,shopify-policy,privacy-policy,/pages/privacy-policy,301,Live Shopify system policy URL. Page HTML lives at /pages/privacy-policy. One hop.
/policies/terms-of-service,shopify-policy,terms-of-service,/pages/terms-conditions,301,Live Shopify system policy URL. Closest page is /pages/terms-conditions.
/policies/refund-policy,shopify-policy,refund-policy,/pages/terms-conditions,301,Live Shopify refund policy. Returns copy currently sits on terms.
/policies/shipping-policy,shopify-policy,shipping-policy,(gone),410,Live 404. No shipping policy in export.
/blogs/articles,blog-index-empty,articles,/blogs/articles,PRESERVE,Title 'Blog'. Zero articles but live 200 and in sitemap. Do not 301 to /blogs/blog.
/blogs/blog,blog-index,blog,/blogs/blog,PRESERVE,"Title 'Articles'. 122 articles. Live 200, in sitemap. Canonical has no trailing slash."
/blogs/news,blog-index-empty,news,/blogs/news,PRESERVE,Title 'News'. Zero articles but live 200 and in sitemap. Do not 301 to /blogs/blog.
/blogs/podcast,blog-index-empty,podcast,/blogs/podcast,PRESERVE,Title 'Podcasts'. Zero articles but live 200 and in sitemap. Do not 301 to /blogs/blog.
/blogs/techniques,blog-index,techniques,/blogs/techniques,PRESERVE,"Title 'Techniques'. 61 articles. Live 200, in sitemap. Canonical has no trailing slash."
/blogs/videos,blog-index-empty,videos,/blogs/videos,PRESERVE,Title 'Videos'. Zero articles but live 200 and in sitemap. Do not 301 to /blogs/blog.
/blogs/blog/10-000-hours-just-start,article,10-000-hours-just-start,/blogs/blog/10-000-hours-just-start,PRESERVE,Blog handle blog. Published. Live sitemap. Internal model may differ.
/blogs/blog/10-reasons-your-jiu-jitsu-isnt-getting-better,article,10-reasons-your-jiu-jitsu-isnt-getting-better,/blogs/blog/10-reasons-your-jiu-jitsu-isnt-getting-better,PRESERVE,Blog handle blog. Published. Live sitemap. Internal model may differ.
/blogs/blog/1912-jiu-jitsu-demo-the-roots-of-bjj,article,1912-jiu-jitsu-demo-the-roots-of-bjj,/blogs/blog/1912-jiu-jitsu-demo-the-roots-of-bjj,PRESERVE,Blog handle blog. Published. Live sitemap. Internal model may differ.
/blogs/blog/5-tips-to-instantly-improve-your-guard,article,5-tips-to-instantly-improve-your-guard,/blogs/blog/5-tips-to-instantly-improve-your-guard,PRESERVE,Blog handle blog. Published. Live sitemap. Internal model may differ.
/blogs/blog/5-ways-jiujitsu-benefits-children-autism,article,5-ways-jiujitsu-benefits-children-autism,/blogs/blog/5-ways-jiujitsu-benefits-children-autism,PRESERVE,Blog handle blog. Published. Live sitemap. Internal model may differ.
/blogs/blog/6-tips-for-older-jiu-jitsu-players,article,6-tips-for-older-jiu-jitsu-players,/blogs/blog/6-tips-for-older-jiu-jitsu-players,PRESERVE,Blog handle blog. Published. Live sitemap. Internal model may differ.
/blogs/blog/a-brief-history-of-bjj,article,a-brief-history-of-bjj,/blogs/blog/a-brief-history-of-bjj,PRESERVE,Blog handle blog. Published. Live sitemap. Internal model may differ.
/blogs/blog/a-coach-is-more-than-just-a-teacher,article,a-coach-is-more-than-just-a-teacher,/blogs/blog/a-coach-is-more-than-just-a-teacher,PRESERVE,Blog handle blog. Published. Live sitemap. Internal model may differ.
/blogs/blog/a-deeper-understanding-of-jiu-jitsu,article,a-deeper-understanding-of-jiu-jitsu,/blogs/blog/a-deeper-understanding-of-jiu-jitsu,PRESERVE,Blog handle blog. Published. Live sitemap. Internal model may differ.
/blogs/blog/a-glossary-of-bjj-terms,article,a-glossary-of-bjj-terms,/blogs/blog/a-glossary-of-bjj-terms,PRESERVE,Blog handle blog. Published. Live sitemap. Internal model may differ.
/blogs/blog/a-goodbye-to-my-friend-oli-geddes,article,a-goodbye-to-my-friend-oli-geddes,/blogs/blog/a-goodbye-to-my-friend-oli-geddes,PRESERVE,Blog handle blog. Published. Live sitemap. Internal model may differ.
/blogs/blog/a-jiu-jitsu-experience,article,a-jiu-jitsu-experience,/blogs/blog/a-jiu-jitsu-experience,PRESERVE,Blog handle blog. Published. Live sitemap. Internal model may differ.
/blogs/blog/are-you-overtraining-in-jiu-jitsu,article,are-you-overtraining-in-jiu-jitsu,/blogs/blog/are-you-overtraining-in-jiu-jitsu,PRESERVE,Blog handle blog. Published. Live sitemap. Internal model may differ.
/blogs/blog/attending-your-first-jiu-jitsu-class,article,attending-your-first-jiu-jitsu-class,/blogs/blog/attending-your-first-jiu-jitsu-class,PRESERVE,Blog handle blog. Published. Live sitemap. Internal model may differ.
/blogs/blog/back-pain-and-jiu-jitsu,article,back-pain-and-jiu-jitsu,/blogs/blog/back-pain-and-jiu-jitsu,PRESERVE,Blog handle blog. Published. Live sitemap. Internal model may differ.
/blogs/blog/become-a-master-of-escapes,article,become-a-master-of-escapes,/blogs/blog/become-a-master-of-escapes,PRESERVE,Blog handle blog. Published. Live sitemap. Internal model may differ.
/blogs/blog/bjj-and-grappling-skin-infections-part-1-ringworm,article,bjj-and-grappling-skin-infections-part-1-ringworm,/blogs/blog/bjj-and-grappling-skin-infections-part-1-ringworm,PRESERVE,Blog handle blog. Published. Live sitemap. Internal model may differ.
/blogs/blog/bjj-and-grappling-skin-infections-part-2-staph-and-impetigo,article,bjj-and-grappling-skin-infections-part-2-staph-and-impetigo,/blogs/blog/bjj-and-grappling-skin-infections-part-2-staph-and-impetigo,PRESERVE,Blog handle blog. Published. Live sitemap. Internal model may differ.
/blogs/blog/bjj-and-grappling-skin-infections-part-3-herpes-gladiatorum,article,bjj-and-grappling-skin-infections-part-3-herpes-gladiatorum,/blogs/blog/bjj-and-grappling-skin-infections-part-3-herpes-gladiatorum,PRESERVE,Blog handle blog. Published. Live sitemap. Internal model may differ.
/blogs/blog/bjj-over-40-50-beyond-tips-for-older-grapplers,article,bjj-over-40-50-beyond-tips-for-older-grapplers,/blogs/blog/bjj-over-40-50-beyond-tips-for-older-grapplers,PRESERVE,Blog handle blog. Published. Live sitemap. Internal model may differ.
/blogs/blog/bjj-strength-blitz-game-changing-workout,article,bjj-strength-blitz-game-changing-workout,/blogs/blog/bjj-strength-blitz-game-changing-workout,PRESERVE,Blog handle blog. Published. Live sitemap. Internal model may differ.
/blogs/blog/bjjs-biggest-weakness-is-its-new-secret-weapon,article,bjjs-biggest-weakness-is-its-new-secret-weapon,/blogs/blog/bjjs-biggest-weakness-is-its-new-secret-weapon,PRESERVE,Blog handle blog. Published. Live sitemap. Internal model may differ.
/blogs/blog/brazilian-jiu-jitsu-competitions,article,brazilian-jiu-jitsu-competitions,/blogs/blog/brazilian-jiu-jitsu-competitions,PRESERVE,Blog handle blog. Published. Live sitemap. Internal model may differ.
/blogs/blog/caffeine-jiu-jitsu,article,caffeine-jiu-jitsu,/blogs/blog/caffeine-jiu-jitsu,PRESERVE,Blog handle blog. Published. Live sitemap. Internal model may differ.
/blogs/blog/can-jiu-jitsu-athletes-benefit-from-the-ecological-method-a-coachs-perspective,article,can-jiu-jitsu-athletes-benefit-from-the-ecological-method-a-coachs-perspective,/blogs/blog/can-jiu-jitsu-athletes-benefit-from-the-ecological-method-a-coachs-perspective,PRESERVE,Blog handle blog. Published. Live sitemap. Internal model may differ.
/blogs/blog/cauliflower-ears-in-jiu-jitsu,article,cauliflower-ears-in-jiu-jitsu,/blogs/blog/cauliflower-ears-in-jiu-jitsu,PRESERVE,Blog handle blog. Published. Live sitemap. Internal model may differ.
/blogs/blog/choosing-the-right-bjj-academy-for-you,article,choosing-the-right-bjj-academy-for-you,/blogs/blog/choosing-the-right-bjj-academy-for-you,PRESERVE,Blog handle blog. Published. Live sitemap. Internal model may differ.
/blogs/blog/control-your-breathing,article,control-your-breathing,/blogs/blog/control-your-breathing,PRESERVE,Blog handle blog. Published. Live sitemap. Internal model may differ.
/blogs/blog/cross-training-in-wrestling-and-jiu-jitsu,article,cross-training-in-wrestling-and-jiu-jitsu,/blogs/blog/cross-training-in-wrestling-and-jiu-jitsu,PRESERVE,Blog handle blog. Published. Live sitemap. Internal model may differ.
/blogs/blog/cut-weight-jiu-jitsu-competitions,article,cut-weight-jiu-jitsu-competitions,/blogs/blog/cut-weight-jiu-jitsu-competitions,PRESERVE,Blog handle blog. Published. Live sitemap. Internal model may differ.
/blogs/blog/dealing-with-injuries-in-jiu-jitsu,article,dealing-with-injuries-in-jiu-jitsu,/blogs/blog/dealing-with-injuries-in-jiu-jitsu,PRESERVE,Blog handle blog. Published. Live sitemap. Internal model may differ.
/blogs/blog/do-you-know-who-invented-these-bjj-techniques,article,do-you-know-who-invented-these-bjj-techniques,/blogs/blog/do-you-know-who-invented-these-bjj-techniques,PRESERVE,Blog handle blog. Published. Live sitemap. Internal model may differ.
/blogs/blog/eddie-bravo-a-jiu-jitsu-original,article,eddie-bravo-a-jiu-jitsu-original,/blogs/blog/eddie-bravo-a-jiu-jitsu-original,PRESERVE,Blog handle blog. Published. Live sitemap. Internal model may differ.
/blogs/blog/family-jiu-jitsu,article,family-jiu-jitsu,/blogs/blog/family-jiu-jitsu,PRESERVE,Blog handle blog. Published. Live sitemap. Internal model may differ.
/blogs/blog/fear-and-courage,article,fear-and-courage,/blogs/blog/fear-and-courage,PRESERVE,Blog handle blog. Published. Live sitemap. Internal model may differ.
/blogs/blog/first-it-s-an-art,article,first-it-s-an-art,/blogs/blog/first-it-s-an-art,PRESERVE,Blog handle blog. Published. Live sitemap. Internal model may differ.
/blogs/blog/five-ways-to-naturally-boost-your-immune-system,article,five-ways-to-naturally-boost-your-immune-system,/blogs/blog/five-ways-to-naturally-boost-your-immune-system,PRESERVE,Blog handle blog. Published. Live sitemap. Internal model may differ.
/blogs/blog/gi-or-no-gi,article,gi-or-no-gi,/blogs/blog/gi-or-no-gi,PRESERVE,Blog handle blog. Published. Live sitemap. Internal model may differ.
/blogs/blog/grappling-martial-arts,article,grappling-martial-arts,/blogs/blog/grappling-martial-arts,PRESERVE,Blog handle blog. Published. Live sitemap. Internal model may differ.
/blogs/blog/gripping-and-hand-issues-in-jiu-jitsu,article,gripping-and-hand-issues-in-jiu-jitsu,/blogs/blog/gripping-and-hand-issues-in-jiu-jitsu,PRESERVE,Blog handle blog. Published. Live sitemap. Internal model may differ.
/blogs/blog/helio-gracies-big-concern,article,helio-gracies-big-concern,/blogs/blog/helio-gracies-big-concern,PRESERVE,Blog handle blog. Published. Live sitemap. Internal model may differ.
/blogs/blog/how-to-drop-body-fat,article,how-to-drop-body-fat,/blogs/blog/how-to-drop-body-fat,PRESERVE,Blog handle blog. Published. Live sitemap. Internal model may differ.
/blogs/blog/how-to-learn-jiu-jitsu-faster,article,how-to-learn-jiu-jitsu-faster,/blogs/blog/how-to-learn-jiu-jitsu-faster,PRESERVE,Blog handle blog. Published. Live sitemap. Internal model may differ.
/blogs/blog/how-to-overcome-low-back-pain-in-brazilian-jiu-jitsu,article,how-to-overcome-low-back-pain-in-brazilian-jiu-jitsu,/blogs/blog/how-to-overcome-low-back-pain-in-brazilian-jiu-jitsu,PRESERVE,Blog handle blog. Published. Live sitemap. Internal model may differ.
/blogs/blog/how-to-roll-as-an-older-grappler-without-breaking-yourself,article,how-to-roll-as-an-older-grappler-without-breaking-yourself,/blogs/blog/how-to-roll-as-an-older-grappler-without-breaking-yourself,PRESERVE,Blog handle blog. Published. Live sitemap. Internal model may differ.
/blogs/blog/how-to-train-leg-locks-safely,article,how-to-train-leg-locks-safely,/blogs/blog/how-to-train-leg-locks-safely,PRESERVE,Blog handle blog. Published. Live sitemap. Internal model may differ.
/blogs/blog/if-sambo-was-easy-it-would-be-called-jiu-jitsu,article,if-sambo-was-easy-it-would-be-called-jiu-jitsu,/blogs/blog/if-sambo-was-easy-it-would-be-called-jiu-jitsu,PRESERVE,Blog handle blog. Published. Live sitemap. Internal model may differ.
/blogs/blog/importance-footwork-jiu-jitsu,article,importance-footwork-jiu-jitsu,/blogs/blog/importance-footwork-jiu-jitsu,PRESERVE,Blog handle blog. Published. Live sitemap. Internal model may differ.
/blogs/blog/important-tips-for-beginners,article,important-tips-for-beginners,/blogs/blog/important-tips-for-beginners,PRESERVE,Blog handle blog. Published. Live sitemap. Internal model may differ.
/blogs/blog/jiu-jitsu-better-dieting,article,jiu-jitsu-better-dieting,/blogs/blog/jiu-jitsu-better-dieting,PRESERVE,Blog handle blog. Published. Live sitemap. Internal model may differ.
/blogs/blog/jiu-jitsu-mat-etiquette,article,jiu-jitsu-mat-etiquette,/blogs/blog/jiu-jitsu-mat-etiquette,PRESERVE,Blog handle blog. Published. Live sitemap. Internal model may differ.
/blogs/blog/jiu-jitsu-vs-karate,article,jiu-jitsu-vs-karate,/blogs/blog/jiu-jitsu-vs-karate,PRESERVE,Blog handle blog. Published. Live sitemap. Internal model may differ.
/blogs/blog/joint-locks-in-jiu-jitsu,article,joint-locks-in-jiu-jitsu,/blogs/blog/joint-locks-in-jiu-jitsu,PRESERVE,Blog handle blog. Published. Live sitemap. Internal model may differ.
/blogs/blog/just-what-are-fundamentals,article,just-what-are-fundamentals,/blogs/blog/just-what-are-fundamentals,PRESERVE,Blog handle blog. Published. Live sitemap. Internal model may differ.
/blogs/blog/law-strength-training,article,law-strength-training,/blogs/blog/law-strength-training,PRESERVE,Blog handle blog. Published. Live sitemap. Internal model may differ.
/blogs/blog/leg-locks-101,article,leg-locks-101,/blogs/blog/leg-locks-101,PRESERVE,Blog handle blog. Published. Live sitemap. Internal model may differ.
/blogs/blog/main-positions-jiu-jitsu,article,main-positions-jiu-jitsu,/blogs/blog/main-positions-jiu-jitsu,PRESERVE,Blog handle blog. Published. Live sitemap. Internal model may differ.
/blogs/blog/martial-arts-styles,article,martial-arts-styles,/blogs/blog/martial-arts-styles,PRESERVE,Blog handle blog. Published. Live sitemap. Internal model may differ.
/blogs/blog/mauricio-gomes-the-legacy-of-a-jiu-jitsu-pioneer,article,mauricio-gomes-the-legacy-of-a-jiu-jitsu-pioneer,/blogs/blog/mauricio-gomes-the-legacy-of-a-jiu-jitsu-pioneer,PRESERVE,Blog handle blog. Published. Live sitemap. Internal model may differ.
/blogs/blog/mauricios-advice-when-you-are-currently-unable-to-train,article,mauricios-advice-when-you-are-currently-unable-to-train,/blogs/blog/mauricios-advice-when-you-are-currently-unable-to-train,PRESERVE,Blog handle blog. Published. Live sitemap. Internal model may differ.
/blogs/blog/mobility-training-for-jiu-jitsu,article,mobility-training-for-jiu-jitsu,/blogs/blog/mobility-training-for-jiu-jitsu,PRESERVE,Blog handle blog. Published. Live sitemap. Internal model may differ.
/blogs/blog/my-journey-into-footlocks,article,my-journey-into-footlocks,/blogs/blog/my-journey-into-footlocks,PRESERVE,Blog handle blog. Published. Live sitemap. Internal model may differ.
/blogs/blog/myths-and-misunderstandings-about-fat-loss,article,myths-and-misunderstandings-about-fat-loss,/blogs/blog/myths-and-misunderstandings-about-fat-loss,PRESERVE,Blog handle blog. Published. Live sitemap. Internal model may differ.
/blogs/blog/no-bad-positions-in-jiu-jitsu,article,no-bad-positions-in-jiu-jitsu,/blogs/blog/no-bad-positions-in-jiu-jitsu,PRESERVE,Blog handle blog. Published. Live sitemap. Internal model may differ.
/blogs/blog/no-you-didnt-start-jiu-jitsu-too-late,article,no-you-didnt-start-jiu-jitsu-too-late,/blogs/blog/no-you-didnt-start-jiu-jitsu-too-late,PRESERVE,Blog handle blog. Published. Live sitemap. Internal model may differ.
/blogs/blog/pareto-principle-for-jiu-jitsu,article,pareto-principle-for-jiu-jitsu,/blogs/blog/pareto-principle-for-jiu-jitsu,PRESERVE,Blog handle blog. Published. Live sitemap. Internal model may differ.
/blogs/blog/passivity-as-a-tool-for-self-defence,article,passivity-as-a-tool-for-self-defence,/blogs/blog/passivity-as-a-tool-for-self-defence,PRESERVE,Blog handle blog. Published. Live sitemap. Internal model may differ.
/blogs/blog/physical-health-and-fitness-benefits-of-brazilian-jiu-jitsu,article,physical-health-and-fitness-benefits-of-brazilian-jiu-jitsu,/blogs/blog/physical-health-and-fitness-benefits-of-brazilian-jiu-jitsu,PRESERVE,Blog handle blog. Published. Live sitemap. Internal model may differ.
/blogs/blog/positional-hierarchy-and-strategy,article,positional-hierarchy-and-strategy,/blogs/blog/positional-hierarchy-and-strategy,PRESERVE,Blog handle blog. Published. Live sitemap. Internal model may differ.
/blogs/blog/positional-sparring-in-brazilian-jiu-jitsu-the-key-to-mastery,article,positional-sparring-in-brazilian-jiu-jitsu-the-key-to-mastery,/blogs/blog/positional-sparring-in-brazilian-jiu-jitsu-the-key-to-mastery,PRESERVE,Blog handle blog. Published. Live sitemap. Internal model may differ.
/blogs/blog/positional-study-shin-to-shin-single-leg-x-ashi-garami,article,positional-study-shin-to-shin-single-leg-x-ashi-garami,/blogs/blog/positional-study-shin-to-shin-single-leg-x-ashi-garami,PRESERVE,Blog handle blog. Published. Live sitemap. Internal model may differ.
/blogs/blog/preparing-for-the-podium-a-beginner-s-guide-to-bjj-rules,article,preparing-for-the-podium-a-beginner-s-guide-to-bjj-rules,/blogs/blog/preparing-for-the-podium-a-beginner-s-guide-to-bjj-rules,PRESERVE,Blog handle blog. Published. Live sitemap. Internal model may differ.
/blogs/blog/protect-and-heal-your-neck-in-jiu-jitsu,article,protect-and-heal-your-neck-in-jiu-jitsu,/blogs/blog/protect-and-heal-your-neck-in-jiu-jitsu,PRESERVE,Blog handle blog. Published. Live sitemap. Internal model may differ.
/blogs/blog/reflections-on-my-early-days,article,reflections-on-my-early-days,/blogs/blog/reflections-on-my-early-days,PRESERVE,Blog handle blog. Published. Live sitemap. Internal model may differ.
/blogs/blog/return-of-the-long-lost-gracie-gold-medal,article,return-of-the-long-lost-gracie-gold-medal,/blogs/blog/return-of-the-long-lost-gracie-gold-medal,PRESERVE,Blog handle blog. Published. Live sitemap. Internal model may differ.
/blogs/blog/rib-injuries-in-jiu-jitsu,article,rib-injuries-in-jiu-jitsu,/blogs/blog/rib-injuries-in-jiu-jitsu,PRESERVE,Blog handle blog. Published. Live sitemap. Internal model may differ.
/blogs/blog/rickson-gracie-jiu-jitsus-living-legend,article,rickson-gracie-jiu-jitsus-living-legend,/blogs/blog/rickson-gracie-jiu-jitsus-living-legend,PRESERVE,Blog handle blog. Published. Live sitemap. Internal model may differ.
/blogs/blog/roger-gracie,article,roger-gracie,/blogs/blog/roger-gracie,PRESERVE,Blog handle blog. Published. Live sitemap. Internal model may differ.
/blogs/blog/roger-gracies-father-sparring-aged-64,article,roger-gracies-father-sparring-aged-64,/blogs/blog/roger-gracies-father-sparring-aged-64,PRESERVE,Blog handle blog. Published. Live sitemap. Internal model may differ.
/blogs/blog/rolls-gracie-vs-rickson-gracie,article,rolls-gracie-vs-rickson-gracie,/blogs/blog/rolls-gracie-vs-rickson-gracie,PRESERVE,Blog handle blog. Published. Live sitemap. Internal model may differ.
/blogs/blog/rolls-rickson-renzo-or-roger-gracie-who-was-the-best,article,rolls-rickson-renzo-or-roger-gracie-who-was-the-best,/blogs/blog/rolls-rickson-renzo-or-roger-gracie-who-was-the-best,PRESERVE,Blog handle blog. Published. Live sitemap. Internal model may differ.
/blogs/blog/should-you-train-bjj-when-youre-sick-doctor-and-black-belt-explains,article,should-you-train-bjj-when-youre-sick-doctor-and-black-belt-explains,/blogs/blog/should-you-train-bjj-when-youre-sick-doctor-and-black-belt-explains,PRESERVE,Blog handle blog. Published. Live sitemap. Internal model may differ.
/blogs/blog/sleep-and-the-jiu-jitsu-practitioner,article,sleep-and-the-jiu-jitsu-practitioner,/blogs/blog/sleep-and-the-jiu-jitsu-practitioner,PRESERVE,Blog handle blog. Published. Live sitemap. Internal model may differ.
/blogs/blog/spring-super-seminar,article,spring-super-seminar,/blogs/blog/spring-super-seminar,PRESERVE,Blog handle blog. Published. Live sitemap. Internal model may differ. Editorial event; keep this blog URL (do not move to /events/archive/). Same handle also exists as a page.
/blogs/blog/stronger-healthier-shoulders-for-jiu-jitsu,article,stronger-healthier-shoulders-for-jiu-jitsu,/blogs/blog/stronger-healthier-shoulders-for-jiu-jitsu,PRESERVE,Blog handle blog. Published. Live sitemap. Internal model may differ.
/blogs/blog/summer-seaside-special,article,summer-seaside-special,/blogs/blog/summer-seaside-special,PRESERVE,Blog handle blog. Published. Live sitemap. Internal model may differ. Editorial event; keep this blog URL (do not move to /events/archive/). Same handle also exists as a page.
/blogs/blog/taking-inspiration-from-helvecio-penna,article,taking-inspiration-from-helvecio-penna,/blogs/blog/taking-inspiration-from-helvecio-penna,PRESERVE,Blog handle blog. Published. Live sitemap. Internal model may differ.
/blogs/blog/the-art-of-verbal-jiu-jitsu,article,the-art-of-verbal-jiu-jitsu,/blogs/blog/the-art-of-verbal-jiu-jitsu,PRESERVE,Blog handle blog. Published. Live sitemap. Internal model may differ.
/blogs/blog/the-doctor-who-quit-medicine-to-teach-jiu-jitsu,article,the-doctor-who-quit-medicine-to-teach-jiu-jitsu,/blogs/blog/the-doctor-who-quit-medicine-to-teach-jiu-jitsu,PRESERVE,Blog handle blog. Published. Live sitemap. Internal model may differ.
/blogs/blog/the-evolution-of-jiu-jitsu,article,the-evolution-of-jiu-jitsu,/blogs/blog/the-evolution-of-jiu-jitsu,PRESERVE,Blog handle blog. Published. Live sitemap. Internal model may differ.
/blogs/blog/the-first-mma-match-caught-on-film,article,the-first-mma-match-caught-on-film,/blogs/blog/the-first-mma-match-caught-on-film,PRESERVE,Blog handle blog. Published. Live sitemap. Internal model may differ.
/blogs/blog/the-gracies-first-family-of-jiu-jitsu,article,the-gracies-first-family-of-jiu-jitsu,/blogs/blog/the-gracies-first-family-of-jiu-jitsu,PRESERVE,Blog handle blog. Published. Live sitemap. Internal model may differ.
/blogs/blog/the-history-of-brazilian-jiu-jitsu,article,the-history-of-brazilian-jiu-jitsu,/blogs/blog/the-history-of-brazilian-jiu-jitsu,PRESERVE,Blog handle blog. Published. Live sitemap. Internal model may differ.
/blogs/blog/the-mauricio-gomes-chronicles-part-1,article,the-mauricio-gomes-chronicles-part-1,/blogs/blog/the-mauricio-gomes-chronicles-part-1,PRESERVE,Blog handle blog. Published. Live sitemap. Internal model may differ.
/blogs/blog/the-mauricio-gomes-chronicles-part-2,article,the-mauricio-gomes-chronicles-part-2,/blogs/blog/the-mauricio-gomes-chronicles-part-2,PRESERVE,Blog handle blog. Published. Live sitemap. Internal model may differ.
/blogs/blog/the-mauricio-gomes-chronicles-part-3,article,the-mauricio-gomes-chronicles-part-3,/blogs/blog/the-mauricio-gomes-chronicles-part-3,PRESERVE,Blog handle blog. Published. Live sitemap. Internal model may differ.
/blogs/blog/the-neck-grappling-arts-and-tech-devices,article,the-neck-grappling-arts-and-tech-devices,/blogs/blog/the-neck-grappling-arts-and-tech-devices,PRESERVE,Blog handle blog. Published. Live sitemap. Internal model may differ.
/blogs/blog/the-one-supplement-all-jiu-jitsu-athletes-should-take,article,the-one-supplement-all-jiu-jitsu-athletes-should-take,/blogs/blog/the-one-supplement-all-jiu-jitsu-athletes-should-take,PRESERVE,Blog handle blog. Published. Live sitemap. Internal model may differ.
/blogs/blog/the-rear-naked-choke-the-king-of-submissions,article,the-rear-naked-choke-the-king-of-submissions,/blogs/blog/the-rear-naked-choke-the-king-of-submissions,PRESERVE,Blog handle blog. Published. Live sitemap. Internal model may differ.
/blogs/blog/the-science-of-jiu-jitsu,article,the-science-of-jiu-jitsu,/blogs/blog/the-science-of-jiu-jitsu,PRESERVE,Blog handle blog. Published. Live sitemap. Internal model may differ.
/blogs/blog/the-single-leg-takedown-a-conceptual-approach,article,the-single-leg-takedown-a-conceptual-approach,/blogs/blog/the-single-leg-takedown-a-conceptual-approach,PRESERVE,Blog handle blog. Published. Live sitemap. Internal model may differ.
/blogs/blog/the-story-of-rolls-gracie-and-bob-anderson,article,the-story-of-rolls-gracie-and-bob-anderson,/blogs/blog/the-story-of-rolls-gracie-and-bob-anderson,PRESERVE,Blog handle blog. Published. Live sitemap. Internal model may differ.
/blogs/blog/the-surprising-health-benefits-of-strength-training,article,the-surprising-health-benefits-of-strength-training,/blogs/blog/the-surprising-health-benefits-of-strength-training,PRESERVE,Blog handle blog. Published. Live sitemap. Internal model may differ.
/blogs/blog/the-tokugawa-gi-story,article,the-tokugawa-gi-story,/blogs/blog/the-tokugawa-gi-story,PRESERVE,Blog handle blog. Published. Live sitemap. Internal model may differ.
/blogs/blog/the-top-7-shoulder-conditions-effecting-grapplers,article,the-top-7-shoulder-conditions-effecting-grapplers,/blogs/blog/the-top-7-shoulder-conditions-effecting-grapplers,PRESERVE,Blog handle blog. Published. Live sitemap. Internal model may differ.
/blogs/blog/the-world-of-grappling-an-a-z-tour-of-wrestling-arts,article,the-world-of-grappling-an-a-z-tour-of-wrestling-arts,/blogs/blog/the-world-of-grappling-an-a-z-tour-of-wrestling-arts,PRESERVE,Blog handle blog. Published. Live sitemap. Internal model may differ.
/blogs/blog/top-5-injury-prevention-stretches-for-jiu-jitsu,article,top-5-injury-prevention-stretches-for-jiu-jitsu,/blogs/blog/top-5-injury-prevention-stretches-for-jiu-jitsu,PRESERVE,Blog handle blog. Published. Live sitemap. Internal model may differ.
/blogs/blog/understanding-takedowns-in-jiu-jitsu,article,understanding-takedowns-in-jiu-jitsu,/blogs/blog/understanding-takedowns-in-jiu-jitsu,PRESERVE,Blog handle blog. Published. Live sitemap. Internal model may differ.
/blogs/blog/using-heart-rate-variability-to-monitor-your-training,article,using-heart-rate-variability-to-monitor-your-training,/blogs/blog/using-heart-rate-variability-to-monitor-your-training,PRESERVE,Blog handle blog. Published. Live sitemap. Internal model may differ.
/blogs/blog/using-your-minds-eye-visualization-for-jiu-jitsu,article,using-your-minds-eye-visualization-for-jiu-jitsu,/blogs/blog/using-your-minds-eye-visualization-for-jiu-jitsu,PRESERVE,Blog handle blog. Published. Live sitemap. Internal model may differ.
/blogs/blog/vintage-newaza-footage-from-1949,article,vintage-newaza-footage-from-1949,/blogs/blog/vintage-newaza-footage-from-1949,PRESERVE,Blog handle blog. Published. Live sitemap. Internal model may differ.
/blogs/blog/what-it-really-takes-to-earn-a-bjj-black-belt,article,what-it-really-takes-to-earn-a-bjj-black-belt,/blogs/blog/what-it-really-takes-to-earn-a-bjj-black-belt,PRESERVE,Blog handle blog. Published. Live sitemap. Internal model may differ.
/blogs/blog/what-kit-and-equipment-will-you-need-for-bjj,article,what-kit-and-equipment-will-you-need-for-bjj,/blogs/blog/what-kit-and-equipment-will-you-need-for-bjj,PRESERVE,Blog handle blog. Published. Live sitemap. Internal model may differ.
/blogs/blog/why-concepts-are-better-than-techniques-in-bjj,article,why-concepts-are-better-than-techniques-in-bjj,/blogs/blog/why-concepts-are-better-than-techniques-in-bjj,PRESERVE,Blog handle blog. Published. Live sitemap. Internal model may differ.
/blogs/blog/why-discipline-not-insight-changes-a-life,article,why-discipline-not-insight-changes-a-life,/blogs/blog/why-discipline-not-insight-changes-a-life,PRESERVE,Blog handle blog. Published. Live sitemap. Internal model may differ.
/blogs/blog/why-every-generation-thinks-jiu-jitsu-has-changed-for-the-worse,article,why-every-generation-thinks-jiu-jitsu-has-changed-for-the-worse,/blogs/blog/why-every-generation-thinks-jiu-jitsu-has-changed-for-the-worse,PRESERVE,Blog handle blog. Published. Live sitemap. Internal model may differ.
/blogs/blog/why-jiu-jitsu-was-the-therapy-i-didn-t-know-i-needed,article,why-jiu-jitsu-was-the-therapy-i-didn-t-know-i-needed,/blogs/blog/why-jiu-jitsu-was-the-therapy-i-didn-t-know-i-needed,PRESERVE,Blog handle blog. Published. Live sitemap. Internal model may differ.
/blogs/blog/why-learn-heel-hooks,article,why-learn-heel-hooks,/blogs/blog/why-learn-heel-hooks,PRESERVE,Blog handle blog. Published. Live sitemap. Internal model may differ.
/blogs/blog/why-low-carb-diet-is-bullsh-t,article,why-low-carb-diet-is-bullsh-t,/blogs/blog/why-low-carb-diet-is-bullsh-t,PRESERVE,Blog handle blog. Published. Live sitemap. Internal model may differ.
/blogs/blog/why-you-should-compete-at-least-once-in-bjj,article,why-you-should-compete-at-least-once-in-bjj,/blogs/blog/why-you-should-compete-at-least-once-in-bjj,PRESERVE,Blog handle blog. Published. Live sitemap. Internal model may differ.
/blogs/blog/wrestling-takedowns,article,wrestling-takedowns,/blogs/blog/wrestling-takedowns,PRESERVE,Blog handle blog. Published. Live sitemap. Internal model may differ.
/blogs/blog/yoga-jiu-jitsu-a-natural-symbiosis,article,yoga-jiu-jitsu-a-natural-symbiosis,/blogs/blog/yoga-jiu-jitsu-a-natural-symbiosis,PRESERVE,Blog handle blog. Published. Live sitemap. Internal model may differ.
/blogs/techniques/a-simple-half-guard-back-take,technique,a-simple-half-guard-back-take,/blogs/techniques/a-simple-half-guard-back-take,PRESERVE,Blog handle techniques. Published. Live sitemap. Internal model may differ.
/blogs/techniques/a-system-for-guard-passing,technique,a-system-for-guard-passing,/blogs/techniques/a-system-for-guard-passing,PRESERVE,Blog handle techniques. Published. Live sitemap. Internal model may differ.
/blogs/techniques/basic-choke-from-lapel-guard,technique,basic-choke-from-lapel-guard,/blogs/techniques/basic-choke-from-lapel-guard,PRESERVE,Blog handle techniques. Published. Live sitemap. Internal model may differ.
/blogs/techniques/battle-for-the-underhook,technique,battle-for-the-underhook,/blogs/techniques/battle-for-the-underhook,PRESERVE,Blog handle techniques. Published. Live sitemap. Internal model may differ.
/blogs/techniques/bear-hug-defence-1,technique,bear-hug-defence-1,/blogs/techniques/bear-hug-defence-1,PRESERVE,Blog handle techniques. Published. Live sitemap. Internal model may differ.
/blogs/techniques/bear-hug-defence-2,technique,bear-hug-defence-2,/blogs/techniques/bear-hug-defence-2,PRESERVE,Blog handle techniques. Published. Live sitemap. Internal model may differ.
/blogs/techniques/bear-hug-defence-3,technique,bear-hug-defence-3,/blogs/techniques/bear-hug-defence-3,PRESERVE,Blog handle techniques. Published. Live sitemap. Internal model may differ.
/blogs/techniques/bear-hug-defence-4,technique,bear-hug-defence-4,/blogs/techniques/bear-hug-defence-4,PRESERVE,Blog handle techniques. Published. Live sitemap. Internal model may differ.
/blogs/techniques/bear-hug-defence-5,technique,bear-hug-defence-5,/blogs/techniques/bear-hug-defence-5,PRESERVE,Blog handle techniques. Published. Live sitemap. Internal model may differ.
/blogs/techniques/bow-arrow-countered-here-s-the-fix,technique,bow-arrow-countered-here-s-the-fix,/blogs/techniques/bow-arrow-countered-here-s-the-fix,PRESERVE,Blog handle techniques. Published. Live sitemap. Internal model may differ.
/blogs/techniques/butterfly-guard-passing-tips,technique,butterfly-guard-passing-tips,/blogs/techniques/butterfly-guard-passing-tips,PRESERVE,Blog handle techniques. Published. Live sitemap. Internal model may differ.
/blogs/techniques/closed-guard-omoplata-fundamentals,technique,closed-guard-omoplata-fundamentals,/blogs/techniques/closed-guard-omoplata-fundamentals,PRESERVE,Blog handle techniques. Published. Live sitemap. Internal model may differ.
/blogs/techniques/collar-and-sleeve-guard-troubleshooting-and-entry,technique,collar-and-sleeve-guard-troubleshooting-and-entry,/blogs/techniques/collar-and-sleeve-guard-troubleshooting-and-entry,PRESERVE,Blog handle techniques. Published. Live sitemap. Internal model may differ.
/blogs/techniques/collar-choke-from-the-arm-wrap,technique,collar-choke-from-the-arm-wrap,/blogs/techniques/collar-choke-from-the-arm-wrap,PRESERVE,Blog handle techniques. Published. Live sitemap. Internal model may differ.
/blogs/techniques/collar-grip-to-ankle-pick,technique,collar-grip-to-ankle-pick,/blogs/techniques/collar-grip-to-ankle-pick,PRESERVE,Blog handle techniques. Published. Live sitemap. Internal model may differ.
/blogs/techniques/countering-the-backstep,technique,countering-the-backstep,/blogs/techniques/countering-the-backstep,PRESERVE,Blog handle techniques. Published. Live sitemap. Internal model may differ.
/blogs/techniques/cutting-armbar-from-the-arm-wrap,technique,cutting-armbar-from-the-arm-wrap,/blogs/techniques/cutting-armbar-from-the-arm-wrap,PRESERVE,Blog handle techniques. Published. Live sitemap. Internal model may differ.
/blogs/techniques/de-la-riva-to-sit-up-guard-3-easy-sweeps,technique,de-la-riva-to-sit-up-guard-3-easy-sweeps,/blogs/techniques/de-la-riva-to-sit-up-guard-3-easy-sweeps,PRESERVE,Blog handle techniques. Published. Live sitemap. Internal model may differ.
/blogs/techniques/don-t-get-leg-locked,technique,don-t-get-leg-locked,/blogs/techniques/don-t-get-leg-locked,PRESERVE,Blog handle techniques. Published. Live sitemap. Internal model may differ.
/blogs/techniques/false-reap-entry-to-heel-hook-leigh-remedios-polaris-finish,technique,false-reap-entry-to-heel-hook-leigh-remedios-polaris-finish,/blogs/techniques/false-reap-entry-to-heel-hook-leigh-remedios-polaris-finish,PRESERVE,Blog handle techniques. Published. Live sitemap. Internal model may differ.
/blogs/techniques/fix-your-lapel-guard-choke,technique,fix-your-lapel-guard-choke,/blogs/techniques/fix-your-lapel-guard-choke,PRESERVE,Blog handle techniques. Published. Live sitemap. Internal model may differ.
/blogs/techniques/free-lasso-sweep,technique,free-lasso-sweep,/blogs/techniques/free-lasso-sweep,PRESERVE,Blog handle techniques. Published. Live sitemap. Internal model may differ.
/blogs/techniques/gi-meets-no-gi-the-ghost-escape,technique,gi-meets-no-gi-the-ghost-escape,/blogs/techniques/gi-meets-no-gi-the-ghost-escape,PRESERVE,Blog handle techniques. Published. Live sitemap. Internal model may differ.
/blogs/techniques/gripping-strategies-for-bjj,technique,gripping-strategies-for-bjj,/blogs/techniques/gripping-strategies-for-bjj,PRESERVE,Blog handle techniques. Published. Live sitemap. Internal model may differ.
/blogs/techniques/half-guard-ankle-hook-sweep,technique,half-guard-ankle-hook-sweep,/blogs/techniques/half-guard-ankle-hook-sweep,PRESERVE,Blog handle techniques. Published. Live sitemap. Internal model may differ.
/blogs/techniques/heel-hook-details-leigh-remedios,article-unpublished,heel-hook-details-leigh-remedios,/blogs/techniques/heel-hook-details-leigh-remedios,PRESERVE,Unpublished technique. Public 404 until published. Do not 410. Not in live sitemap.
/blogs/techniques/high-percentage-judo-takedowns-for-bjj,technique,high-percentage-judo-takedowns-for-bjj,/blogs/techniques/high-percentage-judo-takedowns-for-bjj,PRESERVE,Blog handle techniques. Published. Live sitemap. Internal model may differ.
/blogs/techniques/how-to-defend-heel-hooks-and-why-it-makes-your-offence-better,technique,how-to-defend-heel-hooks-and-why-it-makes-your-offence-better,/blogs/techniques/how-to-defend-heel-hooks-and-why-it-makes-your-offence-better,PRESERVE,Blog handle techniques. Published. Live sitemap. Internal model may differ.
/blogs/techniques/inside-vs-outside-heel-hooks-which-is-stronger,technique,inside-vs-outside-heel-hooks-which-is-stronger,/blogs/techniques/inside-vs-outside-heel-hooks-which-is-stronger,PRESERVE,Blog handle techniques. Published. Live sitemap. Internal model may differ.
/blogs/techniques/knee-slice-passing-tips,technique,knee-slice-passing-tips,/blogs/techniques/knee-slice-passing-tips,PRESERVE,Blog handle techniques. Published. Live sitemap. Internal model may differ.
/blogs/techniques/lapel-guard-to-gubber-guard-high-percentage-chokes,technique,lapel-guard-to-gubber-guard-high-percentage-chokes,/blogs/techniques/lapel-guard-to-gubber-guard-high-percentage-chokes,PRESERVE,Blog handle techniques. Published. Live sitemap. Internal model may differ.
/blogs/techniques/limp-arm-back-take,technique,limp-arm-back-take,/blogs/techniques/limp-arm-back-take,PRESERVE,Blog handle techniques. Published. Live sitemap. Internal model may differ.
/blogs/techniques/michael-myers-guard-passing,technique,michael-myers-guard-passing,/blogs/techniques/michael-myers-guard-passing,PRESERVE,Blog handle techniques. Published. Live sitemap. Internal model may differ.
/blogs/techniques/old-school-self-defence-with-mauricio-gomes,technique,old-school-self-defence-with-mauricio-gomes,/blogs/techniques/old-school-self-defence-with-mauricio-gomes,PRESERVE,Blog handle techniques. Published. Live sitemap. Internal model may differ.
/blogs/techniques/oliver-geddes-his-go-to-half-guard-pass,technique,oliver-geddes-his-go-to-half-guard-pass,/blogs/techniques/oliver-geddes-his-go-to-half-guard-pass,PRESERVE,Blog handle techniques. Published. Live sitemap. Internal model may differ.
/blogs/techniques/oliver-geddes-teaches-the-ezekiel-choke-from-arm-triangle,technique,oliver-geddes-teaches-the-ezekiel-choke-from-arm-triangle,/blogs/techniques/oliver-geddes-teaches-the-ezekiel-choke-from-arm-triangle,PRESERVE,Blog handle techniques. Published. Live sitemap. Internal model may differ.
/blogs/techniques/oliver-geddes-teaches-the-s-grip-arm-triangle,technique,oliver-geddes-teaches-the-s-grip-arm-triangle,/blogs/techniques/oliver-geddes-teaches-the-s-grip-arm-triangle,PRESERVE,Blog handle techniques. Published. Live sitemap. Internal model may differ.
/blogs/techniques/omoplata-roll-escape-counter-maintaining-control,technique,omoplata-roll-escape-counter-maintaining-control,/blogs/techniques/omoplata-roll-escape-counter-maintaining-control,PRESERVE,Blog handle techniques. Published. Live sitemap. Internal model may differ.
/blogs/techniques/open-guard-fundamentals-with-leigh-remedios,technique,open-guard-fundamentals-with-leigh-remedios,/blogs/techniques/open-guard-fundamentals-with-leigh-remedios,PRESERVE,Blog handle techniques. Published. Live sitemap. Internal model may differ.
/blogs/techniques/posture-control-choke,technique,posture-control-choke,/blogs/techniques/posture-control-choke,PRESERVE,Blog handle techniques. Published. Live sitemap. Internal model may differ.
/blogs/techniques/powerful-choke-from-gubber-guard,technique,powerful-choke-from-gubber-guard,/blogs/techniques/powerful-choke-from-gubber-guard,PRESERVE,Blog handle techniques. Published. Live sitemap. Internal model may differ.
/blogs/techniques/pressure-and-patience-are-vital,technique,pressure-and-patience-are-vital,/blogs/techniques/pressure-and-patience-are-vital,PRESERVE,Blog handle techniques. Published. Live sitemap. Internal model may differ.
/blogs/techniques/rob-taylor-s-guard-passing-masterclass,technique,rob-taylor-s-guard-passing-masterclass,/blogs/techniques/rob-taylor-s-guard-passing-masterclass,PRESERVE,Blog handle techniques. Published. Live sitemap. Internal model may differ.
/blogs/techniques/roll-under-sweep-from-half-guard,technique,roll-under-sweep-from-half-guard,/blogs/techniques/roll-under-sweep-from-half-guard,PRESERVE,Blog handle techniques. Published. Live sitemap. Internal model may differ.
/blogs/techniques/setting-up-gubber-guard,technique,setting-up-gubber-guard,/blogs/techniques/setting-up-gubber-guard,PRESERVE,Blog handle techniques. Published. Live sitemap. Internal model may differ.
/blogs/techniques/simple-tip-to-massively-improve-your-chokes,technique,simple-tip-to-massively-improve-your-chokes,/blogs/techniques/simple-tip-to-massively-improve-your-chokes,PRESERVE,Blog handle techniques. Published. Live sitemap. Internal model may differ.
/blogs/techniques/smooth-side-control-to-mount-transition,technique,smooth-side-control-to-mount-transition,/blogs/techniques/smooth-side-control-to-mount-transition,PRESERVE,Blog handle techniques. Published. Live sitemap. Internal model may differ.
/blogs/techniques/sumi-gaeshi-corner-reversal,technique,sumi-gaeshi-corner-reversal,/blogs/techniques/sumi-gaeshi-corner-reversal,PRESERVE,Blog handle techniques. Published. Live sitemap. Internal model may differ.
/blogs/techniques/terminator-guard-passing,technique,terminator-guard-passing,/blogs/techniques/terminator-guard-passing,PRESERVE,Blog handle techniques. Published. Live sitemap. Internal model may differ.
/blogs/techniques/the-arm-wrap-system,technique,the-arm-wrap-system,/blogs/techniques/the-arm-wrap-system,PRESERVE,Blog handle techniques. Published. Live sitemap. Internal model may differ.
/blogs/techniques/the-complete-underhook-half-guard-system-sweeps-back-takes,technique,the-complete-underhook-half-guard-system-sweeps-back-takes,/blogs/techniques/the-complete-underhook-half-guard-system-sweeps-back-takes,PRESERVE,Blog handle techniques. Published. Live sitemap. Internal model may differ.
/blogs/techniques/the-de-la-riva-balloon-sweep-made-easy,technique,the-de-la-riva-balloon-sweep-made-easy,/blogs/techniques/the-de-la-riva-balloon-sweep-made-easy,PRESERVE,Blog handle techniques. Published. Live sitemap. Internal model may differ.
/blogs/techniques/the-invisible-collar-choke,technique,the-invisible-collar-choke,/blogs/techniques/the-invisible-collar-choke,PRESERVE,Blog handle techniques. Published. Live sitemap. Internal model may differ.
/blogs/techniques/the-leg-weave-pass,technique,the-leg-weave-pass,/blogs/techniques/the-leg-weave-pass,PRESERVE,Blog handle techniques. Published. Live sitemap. Internal model may differ.
/blogs/techniques/the-tornado-throw,technique,the-tornado-throw,/blogs/techniques/the-tornado-throw,PRESERVE,Blog handle techniques. Published. Live sitemap. Internal model may differ.
/blogs/techniques/triangle-choke-from-the-arm-wrap,technique,triangle-choke-from-the-arm-wrap,/blogs/techniques/triangle-choke-from-the-arm-wrap,PRESERVE,Blog handle techniques. Published. Live sitemap. Internal model may differ.
/blogs/techniques/tripod-sweep-from-the-jelly-guard,technique,tripod-sweep-from-the-jelly-guard,/blogs/techniques/tripod-sweep-from-the-jelly-guard,PRESERVE,Blog handle techniques. Published. Live sitemap. Internal model may differ.
/blogs/techniques/unlocking-turtle-position-3-effective-turnovers,technique,unlocking-turtle-position-3-effective-turnovers,/blogs/techniques/unlocking-turtle-position-3-effective-turnovers,PRESERVE,Blog handle techniques. Published. Live sitemap. Internal model may differ.
/blogs/techniques/using-kazushi-to-hit-the-ankle-pick,technique,using-kazushi-to-hit-the-ankle-pick,/blogs/techniques/using-kazushi-to-hit-the-ankle-pick,PRESERVE,Blog handle techniques. Published. Live sitemap. Internal model may differ.
/blogs/techniques/what-is-a-heel-hook,technique,what-is-a-heel-hook,/blogs/techniques/what-is-a-heel-hook,PRESERVE,Blog handle techniques. Published. Live sitemap. Internal model may differ.
/blogs/techniques/yoko-tomoe-nage,technique,yoko-tomoe-nage,/blogs/techniques/yoko-tomoe-nage,PRESERVE,Blog handle techniques. Published. Live sitemap. Internal model may differ.
/pages/about,page,about,/pages/about,PRESERVE,Published=True. Body length 2735. Keep Shopify slug.
/pages/armed-forces,page,armed-forces,/pages/armed-forces,PRESERVE,Live 200 in sitemap. Keep URL; unpublish (404) until military discount ships. Do not 410.
/pages/beginners-guide-to-bjj-signup,page-pagefly,beginners-guide-to-bjj-signup,/pages/beginners-guide-to-bjj-signup,PRESERVE,PageFly body empty in export. Preserve URL; recreate natively.
/pages/bjj-in-kingston-upon-thames,page,bjj-in-kingston-upon-thames,/pages/bjj-in-kingston-upon-thames,PRESERVE,OVERRIDE Sep 2026: keep on JJB as oldest Past Events / network-history archive entry. Do NOT redirect to kingstonjiujitsu.com.
/pages/blog,page,blog,/pages/blog,PRESERVE,Empty body but live 200 canonical. Distinct from /blogs/blog. Do not 301 merely to tidy.
/pages/cant-find-that,page-retired,cant-find-that,(gone),410,Retired course/form/digital page. Published=True. Do not homepage-dump.
/pages/ccpa-opt-out,page,ccpa-opt-out,/pages/privacy-policy,301,Fold US opt-out copy into the privacy policy; do not invent /privacy.
/pages/check-your-email,page-retired,check-your-email,(gone),410,Retired course/form/digital page. Published=True. Do not homepage-dump.
/pages/closed-bjj-building-blocks-and-bjj-learning-sites,page-retired,closed-bjj-building-blocks-and-bjj-learning-sites,(gone),410,Retired course/form/digital page. Published=True. Do not homepage-dump.
/pages/closed-jiu-jitsu-master-academy,page-retired,closed-jiu-jitsu-master-academy,(gone),410,Retired course/form/digital page. Published=True. Do not homepage-dump.
/pages/contact,page,contact,/pages/contact,PRESERVE,Published=True. Body length 68. Keep Shopify slug.
/pages/copyright-notice,page,copyright-notice,/pages/terms-conditions,301,Merge into terms; one hop.
/pages/disclaimer,page,disclaimer,/pages/disclaimer,PRESERVE,Published=True. Body length 1288. Keep Shopify slug.
/pages/home,page,home,/,301,Unpublished Shopify home page; homepage is /. Currently unpublished (live 404).
/pages/how-to-suck-less-at-jiu-jitsu,page-pagefly,how-to-suck-less-at-jiu-jitsu,/pages/how-to-suck-less-at-jiu-jitsu,PRESERVE,PageFly body empty in export. Preserve URL; recreate natively.
/pages/jiu-jitsu-brotherhood-club-network,page-pagefly,jiu-jitsu-brotherhood-club-network,/pages/jiu-jitsu-brotherhood-club-network,PRESERVE,PageFly body empty in export. Preserve URL; recreate natively.
/pages/jiu-jitsu-training-secrets,page-retired,jiu-jitsu-training-secrets,(gone),410,Retired course/form/digital page. Published=False. Do not homepage-dump.
/pages/oli-geddes-foundation-charity-event-kingston-jiu-jitsu,page,oli-geddes-foundation-charity-event-kingston-jiu-jitsu,/pages/oli-geddes-foundation-charity-event-kingston-jiu-jitsu,PRESERVE,Published=True. Body length 3384. Keep Shopify slug.
/pages/past-events,page,past-events,/pages/past-events,PRESERVE,Past Events archive index (JJB-native; not in Shopify). Newest→oldest chronological list.
/pages/privacy-policy,page,privacy-policy,/pages/privacy-policy,PRESERVE,Published=True. Body length 15845. Keep Shopify slug.
/pages/progression-the-belt-system,page,progression-the-belt-system,/pages/progression-the-belt-system,PRESERVE,Published=True. Body length 11944. Keep Shopify slug.
/pages/sign-up-thank-you,page-retired,sign-up-thank-you,(gone),410,Retired course/form/digital page. Published=True. Do not homepage-dump.
/pages/spring-super-seminar,page,spring-super-seminar,/pages/spring-super-seminar,PRESERVE,Published=True. Body length 2181. Keep Shopify slug.
/pages/summer-seaside-special,page,summer-seaside-special,/pages/summer-seaside-special,PRESERVE,Published=True. Body length 1240. Keep Shopify slug.
/pages/terms-conditions,page,terms-conditions,/pages/terms-conditions,PRESERVE,Published=True. Body length 5500. Keep Shopify slug.
/pages/thank-you,page-retired,thank-you,(gone),410,Retired course/form/digital page. Published=True. Do not homepage-dump.
/pages/thank-you-1,page-retired,thank-you-1,(gone),410,Retired course/form/digital page. Published=True. Do not homepage-dump.
/pages/thank-you-for-your-purchase,page-retired,thank-you-for-your-purchase,(gone),410,Retired course/form/digital page. Published=True. Do not homepage-dump.
/pages/the-oliver-geddes-foundation,page,the-oliver-geddes-foundation,/pages/the-oliver-geddes-foundation,PRESERVE,Published=True. Body length 3438. Keep Shopify slug.
/pages/welsh-winter-special,page,welsh-winter-special,/pages/welsh-winter-special,PRESERVE,Published=True. Body length 3309. Keep Shopify slug.
/pages/your-discount-coupon,page-retired,your-discount-coupon,(gone),410,Retired course/form/digital page. Published=True. Do not homepage-dump.
/products/2nd-summer-seaside-special-super-seminar,product-event-draft,2nd-summer-seaside-special-super-seminar,/products/2nd-summer-seaside-special-super-seminar,PRESERVE,Past Events Sep 2026: serve as past_event editorial at this URL (no shop UI). Not in live catalogue.
/products/astrum-gi,product-physical,astrum-gi,/products/astrum-gi,PRESERVE,"Stage 4 retain. Shopify ACTIVE. Serve at /products/{handle}, not /shop/{handle}."
/products/astrum-rashguard,product-removed,astrum-rashguard,(gone),410,Stage 4 discontinued. Shopify DRAFT. Live 404 for drafts. Do not homepage-dump.
/products/beast-mode-rashguard,product-physical,beast-mode-rashguard,/products/beast-mode-rashguard,PRESERVE,"Stage 4 retain. Shopify ACTIVE. Serve at /products/{handle}, not /shop/{handle}."
/products/classic-embroidered-badge,product-physical,classic-embroidered-badge,/products/classic-embroidered-badge,PRESERVE,"Stage 4 retain. Shopify ACTIVE. Serve at /products/{handle}, not /shop/{handle}."
/products/enso-4-0-gi-black,product-physical,enso-4-0-gi-black,/products/enso-4-0-gi-black,PRESERVE,"Stage 4 retain. Shopify ACTIVE. Serve at /products/{handle}, not /shop/{handle}."
/products/enso-4-0-gi-blue,product-physical,enso-4-0-gi-blue,/products/enso-4-0-gi-blue,PRESERVE,Retain as unpublished zero-stock draft. URL preserved; public 404 until published. Currently live 200 with 0 inventory.
/products/enso-4-0-gi-white,product-physical,enso-4-0-gi-white,/products/enso-4-0-gi-white,PRESERVE,"Stage 4 retain. Shopify ACTIVE. Serve at /products/{handle}, not /shop/{handle}."
/products/evolver-classic,product-physical,evolver-classic,/products/evolver-classic,PRESERVE,"Stage 4 retain. Shopify ACTIVE. Serve at /products/{handle}, not /shop/{handle}."
/products/evolver-classic-red,product-physical,evolver-classic-red,/products/evolver-classic-red,PRESERVE,"Stage 4 retain. Shopify ACTIVE. Serve at /products/{handle}, not /shop/{handle}."
/products/face-your-fears-rashguard,product-physical,face-your-fears-rashguard,/products/face-your-fears-rashguard,PRESERVE,"Stage 4 retain. Shopify ACTIVE. Serve at /products/{handle}, not /shop/{handle}."
/products/fight-shorts,product-physical,fight-shorts,/products/fight-shorts,PRESERVE,"Stage 4 retain. Shopify ACTIVE. Serve at /products/{handle}, not /shop/{handle}."
/products/future-stars-gi-blue,product-physical,future-stars-gi-blue,/products/future-stars-gi-blue,PRESERVE,"Stage 4 retain. Shopify ACTIVE. Serve at /products/{handle}, not /shop/{handle}."
/products/history-on-fire-t-shirt,product-physical,history-on-fire-t-shirt,/products/history-on-fire-t-shirt,PRESERVE,"Stage 4 retain. Shopify ACTIVE. Serve at /products/{handle}, not /shop/{handle}."
/products/jiu-jitsu-brotherhood-club-network-adults-competition,product-event-draft,jiu-jitsu-brotherhood-club-network-adults-competition,/products/jiu-jitsu-brotherhood-club-network-adults-competition,PRESERVE,Past Events Sep 2026: serve as past_event editorial at this URL (no shop UI). Not in live catalogue.
/products/journey-bjj-belt,product-physical,journey-bjj-belt,/products/journey-bjj-belt,PRESERVE,"Stage 4 retain. Shopify ACTIVE. Serve at /products/{handle}, not /shop/{handle}."
/products/kids-club-network-interclub-competition-2026,product-event-draft,kids-club-network-interclub-competition-2026,/products/kids-club-network-interclub-competition-2026,PRESERVE,Past Events Sep 2026: serve as past_event editorial at this URL (no shop UI). Not in live catalogue.
/products/musashi-limited-edition,product-removed,musashi-limited-edition,(gone),410,Stage 4 discontinued. Shopify DRAFT. Live 404 for drafts. Do not homepage-dump.
/products/open-source-jiu-jitsu-hooded-sweatshirt-gray,product-physical,open-source-jiu-jitsu-hooded-sweatshirt-gray,/products/open-source-jiu-jitsu-hooded-sweatshirt-gray,PRESERVE,"Stage 4 retain. Shopify ACTIVE. Serve at /products/{handle}, not /shop/{handle}."
/products/open-source-jiu-jitsu-hooded-sweatshirt-red,product-physical,open-source-jiu-jitsu-hooded-sweatshirt-red,/products/open-source-jiu-jitsu-hooded-sweatshirt-red,PRESERVE,"Stage 4 retain. Shopify ACTIVE. Serve at /products/{handle}, not /shop/{handle}."
/products/signature-series-hooded-sweatshirt,product-physical,signature-series-hooded-sweatshirt,/products/signature-series-hooded-sweatshirt,PRESERVE,"Stage 4 retain. Shopify ACTIVE. Serve at /products/{handle}, not /shop/{handle}."
/products/sisterhood-mini-patch,product-physical,sisterhood-mini-patch,/products/sisterhood-mini-patch,PRESERVE,"Stage 4 retain. Shopify ACTIVE. Serve at /products/{handle}, not /shop/{handle}."
/products/sisterhood-rashguard,product-physical,sisterhood-rashguard,/products/sisterhood-rashguard,PRESERVE,"Stage 4 retain. Shopify ACTIVE. Serve at /products/{handle}, not /shop/{handle}."
/products/stand-up-eight-t-shirt-black,product-physical,stand-up-eight-t-shirt-black,/products/stand-up-eight-t-shirt-black,PRESERVE,"Stage 4 retain. Shopify ACTIVE. Serve at /products/{handle}, not /shop/{handle}."
/products/sticker-pack,product-removed,sticker-pack,/collections/patches,301,"Stage 4 withdrawn; currently ACTIVE and in live sitemap. Closest equivalent /collections/patches, not /shop/patches."
/products/summer-super-seminar-2025,product-event-draft,summer-super-seminar-2025,/products/summer-super-seminar-2025,PRESERVE,Past Events Sep 2026: serve as past_event editorial at this URL (no shop UI). Not in live catalogue.
/products/tail-eater-back-pack,product-removed,tail-eater-back-pack,(gone),410,Stage 4 discontinued. Shopify DRAFT. Live 404 for drafts. Do not homepage-dump.
/products/tail-eater-back-patch,product-physical,tail-eater-back-patch,/products/tail-eater-back-patch,PRESERVE,"Stage 4 retain. Shopify ACTIVE. Serve at /products/{handle}, not /shop/{handle}."
/products/tail-eater-rashguard-blue-trim,product-physical,tail-eater-rashguard-blue-trim,/products/tail-eater-rashguard-blue-trim,PRESERVE,"Stage 4 retain. Shopify ACTIVE. Serve at /products/{handle}, not /shop/{handle}."
/products/tail-eater-rashguard-classic-black,product-physical,tail-eater-rashguard-classic-black,/products/tail-eater-rashguard-classic-black,PRESERVE,"Stage 4 retain. Shopify ACTIVE. Serve at /products/{handle}, not /shop/{handle}."
/products/the-gentle-art-rashguard,product-physical,the-gentle-art-rashguard,/products/the-gentle-art-rashguard,PRESERVE,"Stage 4 retain. Shopify ACTIVE. Serve at /products/{handle}, not /shop/{handle}."
/products/the-musashi-spats,product-physical,the-musashi-spats,/products/the-musashi-spats,PRESERVE,"Stage 4 retain. Shopify ACTIVE. Serve at /products/{handle}, not /shop/{handle}."
/products/the-oni-gi,product-physical,the-oni-gi,/products/the-oni-gi,PRESERVE,"Stage 4 retain. Shopify ACTIVE. Serve at /products/{handle}, not /shop/{handle}."
/products/the-seeker-t-shirt,product-removed,the-seeker-t-shirt,(gone),410,Stage 4 discontinued. Shopify DRAFT. Live 404 for drafts. Do not homepage-dump.
/products/the-tokugawa-gi,product-physical,the-tokugawa-gi,/products/the-tokugawa-gi,PRESERVE,"Stage 4 retain. Shopify ACTIVE. Serve at /products/{handle}, not /shop/{handle}."
/collections/adam-r-stacey,collection-retired,adam-r-stacey,(gone),410,Empty or digital/person collection (n=0). Currently live 200 and in sitemap; 410 is intentional removal.
/collections/apparel,collection,apparel,/collections/apparel,PRESERVE,Keep Shopify collection URL (n=9 product refs). Do not rename to /shop/gis etc.
/collections/bags,collection,bags,(gone),410,Only contains discontinued kit bag. No genuine replacement.
/collections/belts,collection,belts,/collections/belts,PRESERVE,Keep Shopify collection URL (n=1 product refs). Do not rename to /shop/gis etc.
/collections/bjj-books-and-videos,collection-retired,bjj-books-and-videos,(gone),410,Empty or digital/person collection (n=0). Currently live 200 and in sitemap; 410 is intentional removal.
/collections/books,collection-retired,books,(gone),410,Empty or digital/person collection (n=0). Currently live 200 and in sitemap; 410 is intentional removal.
/collections/concepts,collection-retired,concepts,(gone),410,Empty or digital/person collection (n=0). Currently live 200 and in sitemap; 410 is intentional removal.
/collections/conditioning-and-recovery,collection-retired,conditioning-and-recovery,(gone),410,Empty or digital/person collection (n=0). Currently live 200 and in sitemap; 410 is intentional removal.
/collections/featured,collection,featured,/collections/featured,PRESERVE,Keep Shopify collection URL (n=15 product refs). Do not rename to /shop/gis etc.
/collections/gis,collection,gis,/collections/gis,PRESERVE,Keep Shopify collection URL (n=7 product refs). Do not rename to /shop/gis etc.
/collections/hoodies,collection,hoodies,/collections/hoodies,PRESERVE,Keep Shopify collection URL (n=3 product refs). Do not rename to /shop/gis etc.
/collections/kit-dale,collection-retired,kit-dale,(gone),410,Empty or digital/person collection (n=0). Currently live 200 and in sitemap; 410 is intentional removal.
/collections/leg-locks,collection-retired,leg-locks,(gone),410,Empty or digital/person collection (n=0). Currently live 200 and in sitemap; 410 is intentional removal.
/collections/leigh-remedios,collection-retired,leigh-remedios,(gone),410,Empty or digital/person collection (n=0). Currently live 200 and in sitemap; 410 is intentional removal.
/collections/masterclass-series,collection-retired,masterclass-series,(gone),410,Empty or digital/person collection (n=0). Currently live 200 and in sitemap; 410 is intentional removal.
/collections/miad-najafi,collection-retired,miad-najafi,(gone),410,Empty or digital/person collection (n=0). Currently live 200 and in sitemap; 410 is intentional removal.
/collections/mike-bidwell,collection-retired,mike-bidwell,(gone),410,Empty or digital/person collection (n=0). Currently live 200 and in sitemap; 410 is intentional removal.
/collections/mushashi-collection,collection,mushashi-collection,/collections/mushashi-collection,PRESERVE,Keep Shopify collection URL (n=1 product refs). Do not rename to /shop/gis etc.
/collections/nic-gregoriades,collection-retired,nic-gregoriades,(gone),410,Empty or digital/person collection (n=0). Currently live 200 and in sitemap; 410 is intentional removal.
/collections/oli-geddes,collection-retired,oli-geddes,(gone),410,Empty or digital/person collection (n=0). Currently live 200 and in sitemap; 410 is intentional removal.
/collections/patches,collection,patches,/collections/patches,PRESERVE,Keep Shopify collection URL (n=4 product refs). Do not rename to /shop/gis etc.
/collections/peter-lakatos,collection-retired,peter-lakatos,(gone),410,Empty or digital/person collection (n=0). Currently live 200 and in sitemap; 410 is intentional removal.
/collections/rash-guards,collection,rash-guards,/collections/rash-guards,PRESERVE,Keep Shopify collection URL (n=7 product refs). Do not rename to /shop/gis etc.
/collections/seminars,collection,seminars,(gone),410,Only unpublished event-ticket drafts. Do not 301 to homepage or invent /events/archive as a shop category.
/collections/shorts,collection,shorts,/collections/shorts,PRESERVE,Keep Shopify collection URL (n=1 product refs). Do not rename to /shop/gis etc.
/collections/sisterhood,collection,sisterhood,/collections/sisterhood,PRESERVE,Keep Shopify collection URL (n=2 product refs). Do not rename to /shop/gis etc.
/collections/spats,collection,spats,/collections/spats,PRESERVE,Keep Shopify collection URL (n=1 product refs). Do not rename to /shop/gis etc.
/collections/stickers,collection-retired,stickers,(gone),410,Empty or digital/person collection (n=0). Currently live 200 and in sitemap; 410 is intentional removal.
/collections/t-shirts,collection,t-shirts,/collections/t-shirts,PRESERVE,Keep Shopify collection URL (n=6 product refs). Do not rename to /shop/gis etc.
/collections/training-gear,collection,training-gear,/collections/training-gear,PRESERVE,Keep Shopify collection URL (n=22 product refs). Do not rename to /shop/gis etc.
/collections/videos,collection-retired,videos,(gone),410,Empty or digital/person collection (n=0). Currently live 200 and in sitemap; 410 is intentional removal.
/collections/yiyang-ng,collection-retired,yiyang-ng,(gone),410,Empty or digital/person collection (n=0). Currently live 200 and in sitemap; 410 is intentional removal.
/collections/enso-3-0,collection-missing,enso-3-0,/collections/gis,301,Not in collections.json. Live 404. Closest genuine replacement is /collections/gis.
/products/copy-of-musashi-limited-edition,legacy-redirect,copy-of-musashi-limited-edition,(gone),410,Existing Shopify redirect → /products/gundam. Retired digital/product gundam; not in current catalogue.
/products/copy-of-brotherhood-belt,legacy-redirect,copy-of-brotherhood-belt,/products/journey-bjj-belt,301,Existing Shopify redirect → /products/journey-bjj-belt. Target product retained at /products/{handle}.
/pages/test-page,legacy-redirect,test-page,/blogs/blog/no-bad-positions-in-jiu-jitsu,301,Existing Shopify redirect → /pages/no-bad-positions. Shopify target /pages/no-bad-positions is missing; one hop to closest retained equivalent.
/products/beyond-the-black-belt-digital-download,legacy-redirect,beyond-the-black-belt-digital-download,(gone),410,Existing Shopify redirect → /products/beyond-the-black-belt. Retired digital/product beyond-the-black-belt; not in current catalogue.
/products/copy-of-grapplers-longevity-vol-2-digital-download,legacy-redirect,copy-of-grapplers-longevity-vol-2-digital-download,(gone),410,Existing Shopify redirect → /products/grapplers-longevity-vol-2-digital-download. Retired digital/product grapplers-longevity-vol-2-digital-download; not in current catalogue.
/about,legacy-redirect,about,/pages/about,301,Existing Shopify redirect → /pages/about. Target page is retained.
/brazilian-jiu-jitsu-seminars,legacy-redirect,brazilian-jiu-jitsu-seminars,(gone),410,Existing Shopify redirect → /pages/brazilian-jiu-jitsu-seminars. Shopify target /pages/brazilian-jiu-jitsu-seminars has no genuine replacement.
/testimonials,legacy-redirect,testimonials,/pages/about,301,Existing Shopify redirect → /pages/testimonials. Shopify target /pages/testimonials is missing; one hop to closest retained equivalent.
/contact,legacy-redirect,contact,/pages/contact,301,Existing Shopify redirect → /pages/contact. Target page is retained.
/starting-brazilian-jiu-jitsu,legacy-redirect,starting-brazilian-jiu-jitsu,/pages/beginners-guide-to-bjj-signup,301,Existing Shopify redirect → /pages/starting-brazilian-jiu-jitsu. Shopify target /pages/starting-brazilian-jiu-jitsu is missing; one hop to closest retained equivalent.
/starting-brazilian-jiu-jitsu/introduction,legacy-redirect,introduction,/pages/beginners-guide-to-bjj-signup,301,Existing Shopify redirect → /pages/starting-brazilian-jiu-jitsu__introduction. Shopify target /pages/starting-brazilian-jiu-jitsu__introduction is missing; one hop to closest retained equivalent.
/starting-brazilian-jiu-jitsu/a-brief-history-of-jiu-jitsu,legacy-redirect,a-brief-history-of-jiu-jitsu,/blogs/blog/a-brief-history-of-bjj,301,Existing Shopify redirect → /pages/starting-brazilian-jiu-jitsu__a-brief-history-of-jiu-jitsu. Shopify target /pages/starting-brazilian-jiu-jitsu__a-brief-history-of-jiu-jitsu is missing; one hop to closest retained equivalent.
/become-an-affiliate,legacy-redirect,become-an-affiliate,(gone),410,Existing Shopify redirect → /pages/become-an-affiliate. Shopify target /pages/become-an-affiliate has no genuine replacement.
/starting-brazilian-jiu-jitsu/where-to-train,legacy-redirect,where-to-train,/pages/beginners-guide-to-bjj-signup,301,Existing Shopify redirect → /pages/starting-brazilian-jiu-jitsu__where-to-train. Shopify target /pages/starting-brazilian-jiu-jitsu__where-to-train is missing; one hop to closest retained equivalent.
/starting-brazilian-jiu-jitsu/a-typical-class,legacy-redirect,a-typical-class,/blogs/blog/attending-your-first-jiu-jitsu-class,301,Existing Shopify redirect → /pages/starting-brazilian-jiu-jitsu__a-typical-class. Shopify target /pages/starting-brazilian-jiu-jitsu__a-typical-class is missing; one hop to closest retained equivalent.
/how-jiu-jitsu-works,legacy-redirect,how-jiu-jitsu-works,/pages/beginners-guide-to-bjj-signup,301,Existing Shopify redirect → /pages/how-jiu-jitsu-works. Shopify target /pages/how-jiu-jitsu-works is missing; one hop to closest retained equivalent.
/starting-brazilian-jiu-jitsu/matt-etiquette,legacy-redirect,matt-etiquette,/blogs/blog/jiu-jitsu-mat-etiquette,301,Existing Shopify redirect → /pages/starting-brazilian-jiu-jitsu__matt-etiquette. Shopify target /pages/starting-brazilian-jiu-jitsu__matt-etiquette is missing; one hop to closest retained equivalent.
/progression-the-belt-system,legacy-redirect,progression-the-belt-system,/pages/progression-the-belt-system,301,Existing Shopify redirect → /pages/progression-the-belt-system. Target page is retained.
/jiu-jitsu-masterclass,legacy-redirect,jiu-jitsu-masterclass,(gone),410,Existing Shopify redirect → /pages/jiu-jitsu-masterclass. Shopify target /pages/jiu-jitsu-masterclass has no genuine replacement.
/academies,legacy-redirect,academies,/pages/jiu-jitsu-brotherhood-club-network,301,Existing Shopify redirect → /pages/academies. Shopify target /pages/academies is missing; one hop to closest retained equivalent.
/thank-you,legacy-redirect,thank-you,(gone),410,Existing Shopify redirect → /pages/thank-you. Shopify target /pages/thank-you has no genuine replacement.
/blog,legacy-redirect,blog,/pages/blog,301,Existing Shopify redirect → /pages/blog. Target page is retained.
/shipping-and-returns-policy,legacy-redirect,shipping-and-returns-policy,/pages/terms-conditions,301,Existing Shopify redirect → /pages/shipping-and-returns-policy. Shopify target /pages/shipping-and-returns-policy is missing; one hop to closest retained equivalent.
/about/organisation,legacy-redirect,organisation,/pages/about,301,Existing Shopify redirect → /pages/about__organisation. Shopify target /pages/about__organisation is missing; one hop to closest retained equivalent.
/shipping-returns-policy-2,legacy-redirect,shipping-returns-policy-2,/pages/terms-conditions,301,Existing Shopify redirect → /pages/shipping-returns-policy-2. Shopify target /pages/shipping-returns-policy-2 is missing; one hop to closest retained equivalent.
/check-your-email,legacy-redirect,check-your-email,(gone),410,Existing Shopify redirect → /pages/check-your-email. Shopify target /pages/check-your-email has no genuine replacement.
/shipping-and-returns-policy-pjj,legacy-redirect,shipping-and-returns-policy-pjj,/pages/terms-conditions,301,Existing Shopify redirect → /pages/shipping-and-returns-policy-pjj. Shopify target /pages/shipping-and-returns-policy-pjj is missing; one hop to closest retained equivalent.
/bjj-in-kingston-upon-thames,legacy-redirect,bjj-in-kingston-upon-thames,(gone),410,Existing Shopify redirect → /pages/bjj-in-kingston-upon-thames. Shopify target /pages/bjj-in-kingston-upon-thames missing from export; default 410.
/privacy-policy,legacy-redirect,privacy-policy,/pages/privacy-policy,301,Existing Shopify redirect → /pages/privacy-policy. Target page is retained.
/affiliate-disclosure,legacy-redirect,affiliate-disclosure,/pages/disclaimer,301,Existing Shopify redirect → /pages/affiliate-disclosure. Shopify target /pages/affiliate-disclosure is missing; one hop to closest retained equivalent.
/terms-of-use,legacy-redirect,terms-of-use,/pages/terms-conditions,301,Existing Shopify redirect → /pages/terms-of-use. Shopify target /pages/terms-of-use is missing; one hop to closest retained equivalent.
/beginners-guide-bjj,legacy-redirect,beginners-guide-bjj,/pages/beginners-guide-to-bjj-signup,301,Existing Shopify redirect → /pages/beginners-guide-bjj. Shopify target /pages/beginners-guide-bjj is missing; one hop to closest retained equivalent.
/cant-find-that,legacy-redirect,cant-find-that,(gone),410,Existing Shopify redirect → /pages/cant-find-that. Shopify target /pages/cant-find-that has no genuine replacement.
/sign-up-thank-you,legacy-redirect,sign-up-thank-you,(gone),410,Existing Shopify redirect → /pages/sign-up-thank-you. Shopify target /pages/sign-up-thank-you has no genuine replacement.
/disclaimer,legacy-redirect,disclaimer,/pages/disclaimer,301,Existing Shopify redirect → /pages/disclaimer. Target page is retained.
/black-belt-blueprint-giveaway-rules,legacy-redirect,black-belt-blueprint-giveaway-rules,(gone),410,Existing Shopify redirect → /pages/black-belt-blueprint-giveaway-rules. Shopify target /pages/black-belt-blueprint-giveaway-rules has no genuine replacement.
?page_id=4958,legacy-redirect,?page_id=4958,/pages/beginners-guide-to-bjj-signup,301,Existing Shopify redirect → /pages/beginners-guide-to-bjj. Shopify target /pages/beginners-guide-to-bjj is missing; one hop to closest retained equivalent. Query-string source.
/beginners-guide-bjj-2,legacy-redirect,beginners-guide-bjj-2,/pages/beginners-guide-to-bjj-signup,301,Existing Shopify redirect → /pages/beginners-guide-bjj-2. Shopify target /pages/beginners-guide-bjj-2 is missing; one hop to closest retained equivalent.
/copyright-notice,legacy-redirect,copyright-notice,/pages/terms-conditions,301,Existing Shopify redirect → /pages/copyright-notice. Shopify target /pages/copyright-notice is missing; one hop to closest retained equivalent.
/exclusive-video-detailed-triangle-choke-explanation,legacy-redirect,exclusive-video-detailed-triangle-choke-explanation,(gone),410,Existing Shopify redirect → /pages/exclusive-video-detailed-triangle-choke-explanation. Shopify target /pages/exclusive-video-detailed-triangle-choke-explanation has no genuine replacement.
/the-bjj-blue-belt-test-full,legacy-redirect,the-bjj-blue-belt-test-full,/pages/progression-the-belt-system,301,Existing Shopify redirect → /pages/the-bjj-blue-belt-test-full. Shopify target /pages/the-bjj-blue-belt-test-full is missing; one hop to closest retained equivalent.
/private-instruction,legacy-redirect,private-instruction,/pages/contact,301,Existing Shopify redirect → /pages/private-instruction. Shopify target /pages/private-instruction is missing; one hop to closest retained equivalent.
?page_id=5157,legacy-redirect,?page_id=5157,/pages/beginners-guide-to-bjj-signup,301,Existing Shopify redirect → /pages/newsletter. Shopify target /pages/newsletter is missing; one hop to closest retained equivalent. Query-string source.
/jiu-jitsu-brotherhood-affiliation,legacy-redirect,jiu-jitsu-brotherhood-affiliation,/pages/jiu-jitsu-brotherhood-club-network,301,Existing Shopify redirect → /pages/jiu-jitsu-brotherhood-affiliation. Shopify target /pages/jiu-jitsu-brotherhood-affiliation is missing; one hop to closest retained equivalent.
/support-us,legacy-redirect,support-us,/pages/about,301,Existing Shopify redirect → /pages/support-us. Shopify target /pages/support-us is missing; one hop to closest retained equivalent.
/academic-draft,legacy-redirect,academic-draft,(gone),410,Existing Shopify redirect → /pages/academic-draft. Shopify target /pages/academic-draft has no genuine replacement.
/organisation,legacy-redirect,organisation,/pages/about,301,Existing Shopify redirect → /pages/organisation. Shopify target /pages/organisation is missing; one hop to closest retained equivalent.
/flow-drill-for-jiu-jitsu,legacy-redirect,flow-drill-for-jiu-jitsu,(gone),410,Existing Shopify redirect → /blogs/blog/flow-drill-for-jiu-jitsu. Obsolete WordPress-era blog target with no retained article. Default 410; do not homepage-dump.
/bjj-concept-control-the-head,legacy-redirect,bjj-concept-control-the-head,(gone),410,Existing Shopify redirect → /blogs/blog/bjj-concept-control-the-head. Obsolete WordPress-era blog target with no retained article. Default 410; do not homepage-dump.
/brazilian-jiu-jitsu-training-animals,legacy-redirect,brazilian-jiu-jitsu-training-animals,(gone),410,Existing Shopify redirect → /blogs/blog/brazilian-jiu-jitsu-training-animals. Obsolete WordPress-era blog target with no retained article. Default 410; do not homepage-dump.
/using-your-minds-eye-visualization-for-jiu-jitsu,legacy-redirect,using-your-minds-eye-visualization-for-jiu-jitsu,/blogs/blog/using-your-minds-eye-visualization-for-jiu-jitsu,301,Existing Shopify redirect → /blogs/blog/using-your-minds-eye-visualization-for-jiu-jitsu. Flatten to retained article/technique URL in one hop.
/post-training-shake-for-brazilian-jiu-jitsu,legacy-redirect,post-training-shake-for-brazilian-jiu-jitsu,(gone),410,Existing Shopify redirect → /blogs/blog/post-training-shake-for-brazilian-jiu-jitsu. Obsolete WordPress-era blog target with no retained article. Default 410; do not homepage-dump.
/coordinate-movement-and-breathing,legacy-redirect,coordinate-movement-and-breathing,(gone),410,Existing Shopify redirect → /blogs/blog/coordinate-movement-and-breathing. Obsolete WordPress-era blog target with no retained article. Default 410; do not homepage-dump.
/pareto-principle-for-jiu-jitsu,legacy-redirect,pareto-principle-for-jiu-jitsu,/blogs/blog/pareto-principle-for-jiu-jitsu,301,Existing Shopify redirect → /blogs/blog/pareto-principle-for-jiu-jitsu. Flatten to retained article/technique URL in one hop.
/brazilian-jiu-jitsu-body-awareness,legacy-redirect,brazilian-jiu-jitsu-body-awareness,(gone),410,Existing Shopify redirect → /blogs/blog/brazilian-jiu-jitsu-body-awareness. Obsolete WordPress-era blog target with no retained article. Default 410; do not homepage-dump.
/gi-or-no-gi,legacy-redirect,gi-or-no-gi,/blogs/blog/gi-or-no-gi,301,Existing Shopify redirect → /blogs/blog/gi-or-no-gi. Flatten to retained article/technique URL in one hop.
/joint-locks-in-jiu-jitsu,legacy-redirect,joint-locks-in-jiu-jitsu,/blogs/blog/joint-locks-in-jiu-jitsu,301,Existing Shopify redirect → /blogs/blog/joint-locks-in-jiu-jitsu. Flatten to retained article/technique URL in one hop.
/brazilian-jiu-jitsu-competitions,legacy-redirect,brazilian-jiu-jitsu-competitions,/blogs/blog/brazilian-jiu-jitsu-competitions,301,Existing Shopify redirect → /blogs/blog/brazilian-jiu-jitsu-competitions. Flatten to retained article/technique URL in one hop.
/jiu-jitsu-with-no-hands,legacy-redirect,jiu-jitsu-with-no-hands,(gone),410,Existing Shopify redirect → /blogs/blog/jiu-jitsu-with-no-hands. Obsolete WordPress-era blog target with no retained article. Default 410; do not homepage-dump.
/grapple-with-your-eyes-closed,legacy-redirect,grapple-with-your-eyes-closed,(gone),410,Existing Shopify redirect → /blogs/blog/grapple-with-your-eyes-closed. Obsolete WordPress-era blog target with no retained article. Default 410; do not homepage-dump.
/jiu-jitsu-life-lessons,legacy-redirect,jiu-jitsu-life-lessons,(gone),410,Existing Shopify redirect → /blogs/blog/jiu-jitsu-life-lessons. Obsolete WordPress-era blog target with no retained article. Default 410; do not homepage-dump.
/jiu-jitsu-is-meditation,legacy-redirect,jiu-jitsu-is-meditation,(gone),410,Existing Shopify redirect → /blogs/blog/jiu-jitsu-is-meditation. Obsolete WordPress-era blog target with no retained article. Default 410; do not homepage-dump.
/a-jiu-jitsu-experience,legacy-redirect,a-jiu-jitsu-experience,/blogs/blog/a-jiu-jitsu-experience,301,Existing Shopify redirect → /blogs/blog/a-jiu-jitsu-experience. Flatten to retained article/technique URL in one hop.
/overtraining-in-jiu-jitsu,legacy-redirect,overtraining-in-jiu-jitsu,(gone),410,Existing Shopify redirect → /blogs/blog/overtraining-in-jiu-jitsu. Obsolete WordPress-era blog target with no retained article. Default 410; do not homepage-dump.
/important-tips-for-beginners,legacy-redirect,important-tips-for-beginners,/blogs/blog/important-tips-for-beginners,301,Existing Shopify redirect → /blogs/blog/important-tips-for-beginners. Flatten to retained article/technique URL in one hop.
/jiu-jitsu-is-good-for-you,legacy-redirect,jiu-jitsu-is-good-for-you,(gone),410,Existing Shopify redirect → /blogs/blog/jiu-jitsu-is-good-for-you. Obsolete WordPress-era blog target with no retained article. Default 410; do not homepage-dump.
/roger-gracie,legacy-redirect,roger-gracie,/blogs/blog/roger-gracie,301,Existing Shopify redirect → /blogs/blog/roger-gracie. Flatten to retained article/technique URL in one hop.
/nutrition-for-jiu-jitsu-4,legacy-redirect,nutrition-for-jiu-jitsu-4,(gone),410,Existing Shopify redirect → /blogs/blog/nutrition-for-jiu-jitsu-4. Obsolete WordPress-era blog target with no retained article. Default 410; do not homepage-dump.
/jiu-jitsu-side-mount,legacy-redirect,jiu-jitsu-side-mount,(gone),410,Existing Shopify redirect → /blogs/blog/jiu-jitsu-side-mount. Obsolete WordPress-era blog target with no retained article. Default 410; do not homepage-dump.
/jiu-jitsu-flow-drill-techniques,legacy-redirect,jiu-jitsu-flow-drill-techniques,(gone),410,Existing Shopify redirect → /blogs/blog/jiu-jitsu-flow-drill-techniques. Obsolete WordPress-era blog target with no retained article. Default 410; do not homepage-dump.
/brazilian-jiu-jitsu-video-chokes,legacy-redirect,brazilian-jiu-jitsu-video-chokes,(gone),410,Existing Shopify redirect → /blogs/blog/brazilian-jiu-jitsu-video-chokes. Obsolete WordPress-era blog target with no retained article. Default 410; do not homepage-dump.
/brazilian-jiu-jitsu-techniques,legacy-redirect,brazilian-jiu-jitsu-techniques,(gone),410,Existing Shopify redirect → /blogs/blog/brazilian-jiu-jitsu-techniques. Obsolete WordPress-era blog target with no retained article. Default 410; do not homepage-dump.
/control-your-breathing,legacy-redirect,control-your-breathing,/blogs/blog/control-your-breathing,301,Existing Shopify redirect → /blogs/blog/control-your-breathing. Flatten to retained article/technique URL in one hop.
/brazilian-jiu-jitsu-moves,legacy-redirect,brazilian-jiu-jitsu-moves,(gone),410,Existing Shopify redirect → /blogs/blog/brazilian-jiu-jitsu-moves. Obsolete WordPress-era blog target with no retained article. Default 410; do not homepage-dump.
/brazilian-jiu-jitsu-tips-a-c-t-model,legacy-redirect,brazilian-jiu-jitsu-tips-a-c-t-model,(gone),410,Existing Shopify redirect → /blogs/blog/brazilian-jiu-jitsu-tips-a-c-t-model. Obsolete WordPress-era blog target with no retained article. Default 410; do not homepage-dump.
/jiu-jitsu-and-mma-workouts,legacy-redirect,jiu-jitsu-and-mma-workouts,(gone),410,Existing Shopify redirect → /blogs/blog/jiu-jitsu-and-mma-workouts. Obsolete WordPress-era blog target with no retained article. Default 410; do not homepage-dump.
/brazilian-jiu-jitsu-video-interview,legacy-redirect,brazilian-jiu-jitsu-video-interview,(gone),410,Existing Shopify redirect → /blogs/blog/brazilian-jiu-jitsu-video-interview. Obsolete WordPress-era blog target with no retained article. Default 410; do not homepage-dump.
/flow-diagrams-for-brazilian-jiu-jitsu,legacy-redirect,flow-diagrams-for-brazilian-jiu-jitsu,(gone),410,Existing Shopify redirect → /blogs/blog/flow-diagrams-for-brazilian-jiu-jitsu. Obsolete WordPress-era blog target with no retained article. Default 410; do not homepage-dump.
/brazilian-jiu-jitsu-is-a-way-of-life,legacy-redirect,brazilian-jiu-jitsu-is-a-way-of-life,(gone),410,Existing Shopify redirect → /blogs/blog/brazilian-jiu-jitsu-is-a-way-of-life. Obsolete WordPress-era blog target with no retained article. Default 410; do not homepage-dump.
/brazilian-jiu-jitsu-video,legacy-redirect,brazilian-jiu-jitsu-video,(gone),410,Existing Shopify redirect → /blogs/blog/brazilian-jiu-jitsu-video. Obsolete WordPress-era blog target with no retained article. Default 410; do not homepage-dump.
/brazilian-jiu-jitsu-belt-system,legacy-redirect,brazilian-jiu-jitsu-belt-system,(gone),410,Existing Shopify redirect → /blogs/blog/brazilian-jiu-jitsu-belt-system. Obsolete WordPress-era blog target with no retained article. Default 410; do not homepage-dump.
/brazilian-jiu-jitsu-video-breathing,legacy-redirect,brazilian-jiu-jitsu-video-breathing,(gone),410,Existing Shopify redirect → /blogs/blog/brazilian-jiu-jitsu-video-breathing. Obsolete WordPress-era blog target with no retained article. Default 410; do not homepage-dump.
/brazilian-jiu-jitsu-tips-posture,legacy-redirect,brazilian-jiu-jitsu-tips-posture,(gone),410,Existing Shopify redirect → /blogs/blog/brazilian-jiu-jitsu-tips-posture. Obsolete WordPress-era blog target with no retained article. Default 410; do not homepage-dump.
/brazilian-jiu-jitsu-techniques-grips,legacy-redirect,brazilian-jiu-jitsu-techniques-grips,(gone),410,Existing Shopify redirect → /blogs/blog/brazilian-jiu-jitsu-techniques-grips. Obsolete WordPress-era blog target with no retained article. Default 410; do not homepage-dump.
/my-journey-into-martial-arts,legacy-redirect,my-journey-into-martial-arts,(gone),410,Existing Shopify redirect → /blogs/blog/my-journey-into-martial-arts. Obsolete WordPress-era blog target with no retained article. Default 410; do not homepage-dump.
/90-degree-rule,legacy-redirect,90-degree-rule,(gone),410,Existing Shopify redirect → /blogs/blog/90-degree-rule. Obsolete WordPress-era blog target with no retained article. Default 410; do not homepage-dump.
/awareness-and-the-jiu-jitsu-fighter,legacy-redirect,awareness-and-the-jiu-jitsu-fighter,(gone),410,Existing Shopify redirect → /blogs/blog/awareness-and-the-jiu-jitsu-fighter. Obsolete WordPress-era blog target with no retained article. Default 410; do not homepage-dump.
/hips-and-elbows-concept,legacy-redirect,hips-and-elbows-concept,(gone),410,Existing Shopify redirect → /blogs/blog/hips-and-elbows-concept. Obsolete WordPress-era blog target with no retained article. Default 410; do not homepage-dump.
/martial-arts-styles,legacy-redirect,martial-arts-styles,/blogs/blog/martial-arts-styles,301,Existing Shopify redirect → /blogs/blog/martial-arts-styles. Flatten to retained article/technique URL in one hop.
/jiu-jitsu-concept-head-and-eye-movement,legacy-redirect,jiu-jitsu-concept-head-and-eye-movement,(gone),410,Existing Shopify redirect → /blogs/blog/jiu-jitsu-concept-head-and-eye-movement. Obsolete WordPress-era blog target with no retained article. Default 410; do not homepage-dump.
/cross-choke-from-mount,legacy-redirect,cross-choke-from-mount,(gone),410,Existing Shopify redirect → /blogs/blog/cross-choke-from-mount. Obsolete WordPress-era blog target with no retained article. Default 410; do not homepage-dump.
/bjj-technique-straight-armbar-from-guard,legacy-redirect,bjj-technique-straight-armbar-from-guard,(gone),410,Existing Shopify redirect → /blogs/blog/bjj-technique-straight-armbar-from-guard. Obsolete WordPress-era blog target with no retained article. Default 410; do not homepage-dump.
/ten-essential-supplements-for-jiu-jitsu-fighters,legacy-redirect,ten-essential-supplements-for-jiu-jitsu-fighters,(gone),410,Existing Shopify redirect → /blogs/blog/ten-essential-supplements-for-jiu-jitsu-fighters. Obsolete WordPress-era blog target with no retained article. Default 410; do not homepage-dump.
/journey-into-jiu-jitsu,legacy-redirect,journey-into-jiu-jitsu,(gone),410,Existing Shopify redirect → /blogs/blog/journey-into-jiu-jitsu. Obsolete WordPress-era blog target with no retained article. Default 410; do not homepage-dump.
/brazilian-jiu-jitsu-concept-concept-top-and-bottom-centre,legacy-redirect,brazilian-jiu-jitsu-concept-concept-top-and-bottom-centre,(gone),410,Existing Shopify redirect → /blogs/blog/brazilian-jiu-jitsu-concept-concept-top-and-bottom-centre. Obsolete WordPress-era blog target with no retained article. Default 410; do not homepage-dump.
/jiu-jitsu-concept-powerpoint-base,legacy-redirect,jiu-jitsu-concept-powerpoint-base,(gone),410,Existing Shopify redirect → /blogs/blog/jiu-jitsu-concept-powerpoint-base. Obsolete WordPress-era blog target with no retained article. Default 410; do not homepage-dump.
/8-basic-skills-for-jiu-jitsu,legacy-redirect,8-basic-skills-for-jiu-jitsu,(gone),410,Existing Shopify redirect → /blogs/blog/8-basic-skills-for-jiu-jitsu. Obsolete WordPress-era blog target with no retained article. Default 410; do not homepage-dump.
/high-percentage-side-mount-escape,legacy-redirect,high-percentage-side-mount-escape,(gone),410,Existing Shopify redirect → /blogs/blog/high-percentage-side-mount-escape. Obsolete WordPress-era blog target with no retained article. Default 410; do not homepage-dump.
/why-i-do-jiu-jitsu,legacy-redirect,why-i-do-jiu-jitsu,(gone),410,Existing Shopify redirect → /blogs/blog/why-i-do-jiu-jitsu. Obsolete WordPress-era blog target with no retained article. Default 410; do not homepage-dump.
/the-essence-of-jiu-jitsu,legacy-redirect,the-essence-of-jiu-jitsu,(gone),410,Existing Shopify redirect → /blogs/blog/the-essence-of-jiu-jitsu. Obsolete WordPress-era blog target with no retained article. Default 410; do not homepage-dump.
/the-spirit-of-jiu-jitsu,legacy-redirect,the-spirit-of-jiu-jitsu,(gone),410,Existing Shopify redirect → /blogs/blog/the-spirit-of-jiu-jitsu. Obsolete WordPress-era blog target with no retained article. Default 410; do not homepage-dump.
/a-simple-workout-for-grappling-jiu-jitsu,legacy-redirect,a-simple-workout-for-grappling-jiu-jitsu,(gone),410,Existing Shopify redirect → /blogs/blog/a-simple-workout-for-grappling-jiu-jitsu. Obsolete WordPress-era blog target with no retained article. Default 410; do not homepage-dump.
/yoga-jiu-jitsu-a-natural-symbiosis,legacy-redirect,yoga-jiu-jitsu-a-natural-symbiosis,/blogs/blog/yoga-jiu-jitsu-a-natural-symbiosis,301,Existing Shopify redirect → /blogs/blog/yoga-jiu-jitsu-a-natural-symbiosis. Flatten to retained article/technique URL in one hop.
/the-ultimate-side-control-attack,legacy-redirect,the-ultimate-side-control-attack,(gone),410,Existing Shopify redirect → /blogs/blog/the-ultimate-side-control-attack. Obsolete WordPress-era blog target with no retained article. Default 410; do not homepage-dump.
/high-percentage-straight-foot-lock-set-up,legacy-redirect,high-percentage-straight-foot-lock-set-up,(gone),410,Existing Shopify redirect → /blogs/blog/high-percentage-straight-foot-lock-set-up. Obsolete WordPress-era blog target with no retained article. Default 410; do not homepage-dump.
/jiu-jitsu-takedown-drill,legacy-redirect,jiu-jitsu-takedown-drill,(gone),410,Existing Shopify redirect → /blogs/blog/jiu-jitsu-takedown-drill. Obsolete WordPress-era blog target with no retained article. Default 410; do not homepage-dump.
/jiu-jitsu-concept-combining-masses,legacy-redirect,jiu-jitsu-concept-combining-masses,(gone),410,Existing Shopify redirect → /blogs/blog/jiu-jitsu-concept-combining-masses. Obsolete WordPress-era blog target with no retained article. Default 410; do not homepage-dump.
/jiu-jitsu-concept-using-a-first-class-lever,legacy-redirect,jiu-jitsu-concept-using-a-first-class-lever,(gone),410,Existing Shopify redirect → /blogs/blog/jiu-jitsu-concept-using-a-first-class-lever. Obsolete WordPress-era blog target with no retained article. Default 410; do not homepage-dump.
/a-simple-effective-guard-pass,legacy-redirect,a-simple-effective-guard-pass,(gone),410,Existing Shopify redirect → /blogs/blog/a-simple-effective-guard-pass. Obsolete WordPress-era blog target with no retained article. Default 410; do not homepage-dump.
/8-tips-to-instantly-improve-your-guard,legacy-redirect,8-tips-to-instantly-improve-your-guard,(gone),410,Existing Shopify redirect → /blogs/blog/8-tips-to-instantly-improve-your-guard. Obsolete WordPress-era blog target with no retained article. Default 410; do not homepage-dump.
/sleep-and-the-jiu-jitsu-practitioner,legacy-redirect,sleep-and-the-jiu-jitsu-practitioner,/blogs/blog/sleep-and-the-jiu-jitsu-practitioner,301,Existing Shopify redirect → /blogs/blog/sleep-and-the-jiu-jitsu-practitioner. Flatten to retained article/technique URL in one hop.
/8-tips-for-grappling-after-30,legacy-redirect,8-tips-for-grappling-after-30,(gone),410,Existing Shopify redirect → /blogs/blog/8-tips-for-grappling-after-30. Obsolete WordPress-era blog target with no retained article. Default 410; do not homepage-dump.
/performance-enhancing-drugs-jiu-jitsu,legacy-redirect,performance-enhancing-drugs-jiu-jitsu,(gone),410,Existing Shopify redirect → /blogs/blog/performance-enhancing-drugs-jiu-jitsu. Obsolete WordPress-era blog target with no retained article. Default 410; do not homepage-dump.
/keys-to-improve-your-mount,legacy-redirect,keys-to-improve-your-mount,(gone),410,Existing Shopify redirect → /blogs/blog/keys-to-improve-your-mount. Obsolete WordPress-era blog target with no retained article. Default 410; do not homepage-dump.
/jiu-jitsu-video-powerful-closed-guard-sweep,legacy-redirect,jiu-jitsu-video-powerful-closed-guard-sweep,(gone),410,Existing Shopify redirect → /blogs/blog/jiu-jitsu-video-powerful-closed-guard-sweep. Obsolete WordPress-era blog target with no retained article. Default 410; do not homepage-dump.
/why-concepts-are-better-than-techniques-in-bjj,legacy-redirect,why-concepts-are-better-than-techniques-in-bjj,/blogs/blog/why-concepts-are-better-than-techniques-in-bjj,301,Existing Shopify redirect → /blogs/blog/why-concepts-are-better-than-techniques-in-bjj. Flatten to retained article/technique URL in one hop.
/how-to-learn-jiu-jitsu-faster,legacy-redirect,how-to-learn-jiu-jitsu-faster,/blogs/blog/how-to-learn-jiu-jitsu-faster,301,Existing Shopify redirect → /blogs/blog/how-to-learn-jiu-jitsu-faster. Flatten to retained article/technique URL in one hop.
/a-deeper-understanding-of-jiu-jitsu,legacy-redirect,a-deeper-understanding-of-jiu-jitsu,/blogs/blog/a-deeper-understanding-of-jiu-jitsu,301,Existing Shopify redirect → /blogs/blog/a-deeper-understanding-of-jiu-jitsu. Flatten to retained article/technique URL in one hop.
/8-steps-to-finding-the-perfect-bjj-gi,legacy-redirect,8-steps-to-finding-the-perfect-bjj-gi,(gone),410,Existing Shopify redirect → /blogs/blog/8-steps-to-finding-the-perfect-bjj-gi. Obsolete WordPress-era blog target with no retained article. Default 410; do not homepage-dump.
/bjj-throws-and-takedowns-concept,legacy-redirect,bjj-throws-and-takedowns-concept,(gone),410,Existing Shopify redirect → /blogs/blog/bjj-throws-and-takedowns-concept. Obsolete WordPress-era blog target with no retained article. Default 410; do not homepage-dump.
/passing-the-guard-a-conceptual-approach,legacy-redirect,passing-the-guard-a-conceptual-approach,(gone),410,Existing Shopify redirect → /blogs/blog/passing-the-guard-a-conceptual-approach. Obsolete WordPress-era blog target with no retained article. Default 410; do not homepage-dump.
/understanding-takedowns-in-jiu-jitsu,legacy-redirect,understanding-takedowns-in-jiu-jitsu,/blogs/blog/understanding-takedowns-in-jiu-jitsu,301,Existing Shopify redirect → /blogs/blog/understanding-takedowns-in-jiu-jitsu. Flatten to retained article/technique URL in one hop.
/4-jiu-jitsu-lessons-from-bruce-lee,legacy-redirect,4-jiu-jitsu-lessons-from-bruce-lee,(gone),410,Existing Shopify redirect → /blogs/blog/4-jiu-jitsu-lessons-from-bruce-lee. Obsolete WordPress-era blog target with no retained article. Default 410; do not homepage-dump.
/better-jiu-jitsu-in-28-days-challenge,legacy-redirect,better-jiu-jitsu-in-28-days-challenge,(gone),410,Existing Shopify redirect → /blogs/blog/better-jiu-jitsu-in-28-days-challenge. Obsolete WordPress-era blog target with no retained article. Default 410; do not homepage-dump.
/conceptual-jiu-jitsu-at-its-finest,legacy-redirect,conceptual-jiu-jitsu-at-its-finest,(gone),410,Existing Shopify redirect → /blogs/blog/conceptual-jiu-jitsu-at-its-finest. Obsolete WordPress-era blog target with no retained article. Default 410; do not homepage-dump.
/become-a-master-of-escapes,legacy-redirect,become-a-master-of-escapes,/blogs/blog/become-a-master-of-escapes,301,Existing Shopify redirect → /blogs/blog/become-a-master-of-escapes. Flatten to retained article/technique URL in one hop.
/juicing-for-bjj-mma,legacy-redirect,juicing-for-bjj-mma,(gone),410,Existing Shopify redirect → /blogs/blog/juicing-for-bjj-mma. Obsolete WordPress-era blog target with no retained article. Default 410; do not homepage-dump.
/kettlebell-training-for-jiu-jitsu,legacy-redirect,kettlebell-training-for-jiu-jitsu,(gone),410,Existing Shopify redirect → /blogs/blog/kettlebell-training-for-jiu-jitsu. Obsolete WordPress-era blog target with no retained article. Default 410; do not homepage-dump.
/its-not-about-how-hard-you-can-roll,legacy-redirect,its-not-about-how-hard-you-can-roll,(gone),410,Existing Shopify redirect → /blogs/blog/its-not-about-how-hard-you-can-roll. Obsolete WordPress-era blog target with no retained article. Default 410; do not homepage-dump.
/3-phase-arm-lock-from-closed-guard,legacy-redirect,3-phase-arm-lock-from-closed-guard,(gone),410,Existing Shopify redirect → /blogs/blog/3-phase-arm-lock-from-closed-guard. Obsolete WordPress-era blog target with no retained article. Default 410; do not homepage-dump.
/how-to-pass-the-de-la-riva-guard,legacy-redirect,how-to-pass-the-de-la-riva-guard,(gone),410,Existing Shopify redirect → /blogs/blog/how-to-pass-the-de-la-riva-guard. Obsolete WordPress-era blog target with no retained article. Default 410; do not homepage-dump.
/is-your-neck-strong-enough-for-jiu-jitsu,legacy-redirect,is-your-neck-strong-enough-for-jiu-jitsu,(gone),410,Existing Shopify redirect → /blogs/blog/is-your-neck-strong-enough-for-jiu-jitsu. Obsolete WordPress-era blog target with no retained article. Default 410; do not homepage-dump.
/top-ten-bjj-vacation-cities,legacy-redirect,top-ten-bjj-vacation-cities,(gone),410,Existing Shopify redirect → /blogs/blog/top-ten-bjj-vacation-cities. Obsolete WordPress-era blog target with no retained article. Default 410; do not homepage-dump.
/finding-your-flow-in-jiu-jitsu-2,legacy-redirect,finding-your-flow-in-jiu-jitsu-2,(gone),410,Existing Shopify redirect → /blogs/blog/finding-your-flow-in-jiu-jitsu-2. Obsolete WordPress-era blog target with no retained article. Default 410; do not homepage-dump.
/kimura-sweep-submission,legacy-redirect,kimura-sweep-submission,(gone),410,Existing Shopify redirect → /blogs/blog/kimura-sweep-submission. Obsolete WordPress-era blog target with no retained article. Default 410; do not homepage-dump.
/rules-bjj-grappling-competitions,legacy-redirect,rules-bjj-grappling-competitions,(gone),410,Existing Shopify redirect → /blogs/blog/rules-bjj-grappling-competitions. Obsolete WordPress-era blog target with no retained article. Default 410; do not homepage-dump.
/family-jiu-jitsu,legacy-redirect,family-jiu-jitsu,/blogs/blog/family-jiu-jitsu,301,Existing Shopify redirect → /blogs/blog/family-jiu-jitsu. Flatten to retained article/technique URL in one hop.
/importance-footwork-jiu-jitsu,legacy-redirect,importance-footwork-jiu-jitsu,/blogs/blog/importance-footwork-jiu-jitsu,301,Existing Shopify redirect → /blogs/blog/importance-footwork-jiu-jitsu. Flatten to retained article/technique URL in one hop.
/cut-weight-jiu-jitsu-competitions,legacy-redirect,cut-weight-jiu-jitsu-competitions,/blogs/blog/cut-weight-jiu-jitsu-competitions,301,Existing Shopify redirect → /blogs/blog/cut-weight-jiu-jitsu-competitions. Flatten to retained article/technique URL in one hop.
/grappling-martial-arts,legacy-redirect,grappling-martial-arts,/blogs/blog/grappling-martial-arts,301,Existing Shopify redirect → /blogs/blog/grappling-martial-arts. Flatten to retained article/technique URL in one hop.
/the-rear-naked-choke-the-king-of-submissions,legacy-redirect,the-rear-naked-choke-the-king-of-submissions,/blogs/blog/the-rear-naked-choke-the-king-of-submissions,301,Existing Shopify redirect → /blogs/blog/the-rear-naked-choke-the-king-of-submissions. Flatten to retained article/technique URL in one hop.
/why-you-should-compete-at-least-once-in-bjj,legacy-redirect,why-you-should-compete-at-least-once-in-bjj,/blogs/blog/why-you-should-compete-at-least-once-in-bjj,301,Existing Shopify redirect → /blogs/blog/why-you-should-compete-at-least-once-in-bjj. Flatten to retained article/technique URL in one hop.
/is-jiu-jitsu-a-cult,legacy-redirect,is-jiu-jitsu-a-cult,(gone),410,Existing Shopify redirect → /blogs/blog/is-jiu-jitsu-a-cult. Obsolete WordPress-era blog target with no retained article. Default 410; do not homepage-dump.
/grappling-central-podcast,legacy-redirect,grappling-central-podcast,(gone),410,Existing Shopify redirect → /blogs/blog/grappling-central-podcast. Obsolete WordPress-era blog target with no retained article. Default 410; do not homepage-dump.
/want-open-jiu-jitsu-academy,legacy-redirect,want-open-jiu-jitsu-academy,(gone),410,Existing Shopify redirect → /blogs/blog/want-open-jiu-jitsu-academy. Obsolete WordPress-era blog target with no retained article. Default 410; do not homepage-dump.
/5-ways-jiujitsu-benefits-children-autism,legacy-redirect,5-ways-jiujitsu-benefits-children-autism,/blogs/blog/5-ways-jiujitsu-benefits-children-autism,301,Existing Shopify redirect → /blogs/blog/5-ways-jiujitsu-benefits-children-autism. Flatten to retained article/technique URL in one hop.
/the-soul-of-jiu-jitsu,legacy-redirect,the-soul-of-jiu-jitsu,(gone),410,Existing Shopify redirect → /blogs/blog/the-soul-of-jiu-jitsu. Obsolete WordPress-era blog target with no retained article. Default 410; do not homepage-dump.
/6-unusual-ways-improve-jiu-jitsu,legacy-redirect,6-unusual-ways-improve-jiu-jitsu,(gone),410,Existing Shopify redirect → /blogs/blog/6-unusual-ways-improve-jiu-jitsu. Obsolete WordPress-era blog target with no retained article. Default 410; do not homepage-dump.
/7-reasons-your-jiu-jitsu-isnt-getting-better,legacy-redirect,7-reasons-your-jiu-jitsu-isnt-getting-better,(gone),410,Existing Shopify redirect → /blogs/blog/7-reasons-your-jiu-jitsu-isnt-getting-better. Obsolete WordPress-era blog target with no retained article. Default 410; do not homepage-dump.
/the-weakness-hiding-in-your-jiu-jitsu,legacy-redirect,the-weakness-hiding-in-your-jiu-jitsu,(gone),410,Existing Shopify redirect → /blogs/blog/the-weakness-hiding-in-your-jiu-jitsu. Obsolete WordPress-era blog target with no retained article. Default 410; do not homepage-dump.
/10-000-hours-just-start,legacy-redirect,10-000-hours-just-start,/blogs/blog/10-000-hours-just-start,301,Existing Shopify redirect → /blogs/blog/10-000-hours-just-start. Flatten to retained article/technique URL in one hop.
/the-biggest-lie-in-jiu-jitsu,legacy-redirect,the-biggest-lie-in-jiu-jitsu,(gone),410,Existing Shopify redirect → /blogs/blog/the-biggest-lie-in-jiu-jitsu. Obsolete WordPress-era blog target with no retained article. Default 410; do not homepage-dump.
/the-gracies-first-family-of-jiu-jitsu,legacy-redirect,the-gracies-first-family-of-jiu-jitsu,/blogs/blog/the-gracies-first-family-of-jiu-jitsu,301,Existing Shopify redirect → /blogs/blog/the-gracies-first-family-of-jiu-jitsu. Flatten to retained article/technique URL in one hop.
/a-coach-is-more-than-just-a-teacher,legacy-redirect,a-coach-is-more-than-just-a-teacher,/blogs/blog/a-coach-is-more-than-just-a-teacher,301,Existing Shopify redirect → /blogs/blog/a-coach-is-more-than-just-a-teacher. Flatten to retained article/technique URL in one hop.
/beat-half-guard-knee-shield,legacy-redirect,beat-half-guard-knee-shield,(gone),410,Existing Shopify redirect → /blogs/blog/beat-half-guard-knee-shield. Obsolete WordPress-era blog target with no retained article. Default 410; do not homepage-dump.
/different-approach-side-control,legacy-redirect,different-approach-side-control,(gone),410,Existing Shopify redirect → /blogs/blog/different-approach-side-control. Obsolete WordPress-era blog target with no retained article. Default 410; do not homepage-dump.
/berimbolo-cant-save-you,legacy-redirect,berimbolo-cant-save-you,(gone),410,Existing Shopify redirect → /blogs/blog/berimbolo-cant-save-you. Obsolete WordPress-era blog target with no retained article. Default 410; do not homepage-dump.
/jiu-jitsu-better-dieting,legacy-redirect,jiu-jitsu-better-dieting,/blogs/blog/jiu-jitsu-better-dieting,301,Existing Shopify redirect → /blogs/blog/jiu-jitsu-better-dieting. Flatten to retained article/technique URL in one hop.
/the-best-yoga-posture-for-bjj,legacy-redirect,the-best-yoga-posture-for-bjj,(gone),410,Existing Shopify redirect → /blogs/blog/the-best-yoga-posture-for-bjj. Obsolete WordPress-era blog target with no retained article. Default 410; do not homepage-dump.
/introduction-jiu-jitsu-photography,legacy-redirect,introduction-jiu-jitsu-photography,(gone),410,Existing Shopify redirect → /blogs/blog/introduction-jiu-jitsu-photography. Obsolete WordPress-era blog target with no retained article. Default 410; do not homepage-dump.
/there-are-no-bad-positions-in-jiu-jitsu,legacy-redirect,there-are-no-bad-positions-in-jiu-jitsu,(gone),410,Existing Shopify redirect → /blogs/blog/there-are-no-bad-positions-in-jiu-jitsu. Obsolete WordPress-era blog target with no retained article. Default 410; do not homepage-dump.
/positional-study-shin-to-shin-guard,legacy-redirect,positional-study-shin-to-shin-guard,(gone),410,Existing Shopify redirect → /blogs/blog/positional-study-shin-to-shin-guard. Obsolete WordPress-era blog target with no retained article. Default 410; do not homepage-dump.
/leg-locks-101,legacy-redirect,leg-locks-101,/blogs/blog/leg-locks-101,301,Existing Shopify redirect → /blogs/blog/leg-locks-101. Flatten to retained article/technique URL in one hop.
/rickson-gracie-jiu-jitsus-living-legend,legacy-redirect,rickson-gracie-jiu-jitsus-living-legend,/blogs/blog/rickson-gracie-jiu-jitsus-living-legend,301,Existing Shopify redirect → /blogs/blog/rickson-gracie-jiu-jitsus-living-legend. Flatten to retained article/technique URL in one hop.
/important-concept-jiu-jitsu,legacy-redirect,important-concept-jiu-jitsu,(gone),410,Existing Shopify redirect → /blogs/blog/important-concept-jiu-jitsu. Obsolete WordPress-era blog target with no retained article. Default 410; do not homepage-dump.
/favorite-sweep-part-one,legacy-redirect,favorite-sweep-part-one,(gone),410,Existing Shopify redirect → /blogs/blog/favorite-sweep-part-one. Obsolete WordPress-era blog target with no retained article. Default 410; do not homepage-dump.
/positional-study-shin-to-shin-single-leg-x-ashi-garami,legacy-redirect,positional-study-shin-to-shin-single-leg-x-ashi-garami,/blogs/blog/positional-study-shin-to-shin-single-leg-x-ashi-garami,301,Existing Shopify redirect → /blogs/blog/positional-study-shin-to-shin-single-leg-x-ashi-garami. Flatten to retained article/technique URL in one hop.
/bjj-blue-belt-test,legacy-redirect,bjj-blue-belt-test,(gone),410,Existing Shopify redirect → /blogs/blog/bjj-blue-belt-test. Obsolete WordPress-era blog target with no retained article. Default 410; do not homepage-dump.
/favorite-sweep-part-2,legacy-redirect,favorite-sweep-part-2,(gone),410,Existing Shopify redirect → /blogs/blog/favorite-sweep-part-2. Obsolete WordPress-era blog target with no retained article. Default 410; do not homepage-dump.
/nobody-can-take,legacy-redirect,nobody-can-take,(gone),410,Existing Shopify redirect → /blogs/blog/nobody-can-take. Obsolete WordPress-era blog target with no retained article. Default 410; do not homepage-dump.
/wrestling-takedowns,legacy-redirect,wrestling-takedowns,/blogs/blog/wrestling-takedowns,301,Existing Shopify redirect → /blogs/blog/wrestling-takedowns. Flatten to retained article/technique URL in one hop.
/how-many-takedowns-do-you-really-need,legacy-redirect,how-many-takedowns-do-you-really-need,(gone),410,Existing Shopify redirect → /blogs/blog/how-many-takedowns-do-you-really-need. Obsolete WordPress-era blog target with no retained article. Default 410; do not homepage-dump.
/dont-quit-at-blue-belt,legacy-redirect,dont-quit-at-blue-belt,(gone),410,Existing Shopify redirect → /blogs/blog/dont-quit-at-blue-belt. Obsolete WordPress-era blog target with no retained article. Default 410; do not homepage-dump.
/the-science-of-jiu-jitsu,legacy-redirect,the-science-of-jiu-jitsu,/blogs/blog/the-science-of-jiu-jitsu,301,Existing Shopify redirect → /blogs/blog/the-science-of-jiu-jitsu. Flatten to retained article/technique URL in one hop.
/jiu-jitsu-the-perfect-sport-for-kids,legacy-redirect,jiu-jitsu-the-perfect-sport-for-kids,(gone),410,Existing Shopify redirect → /blogs/blog/jiu-jitsu-the-perfect-sport-for-kids. Obsolete WordPress-era blog target with no retained article. Default 410; do not homepage-dump.
/eddie-bravo-a-jiu-jitsu-original,legacy-redirect,eddie-bravo-a-jiu-jitsu-original,/blogs/blog/eddie-bravo-a-jiu-jitsu-original,301,Existing Shopify redirect → /blogs/blog/eddie-bravo-a-jiu-jitsu-original. Flatten to retained article/technique URL in one hop.
/no-you-didnt-start-jiu-jitsu-too-late,legacy-redirect,no-you-didnt-start-jiu-jitsu-too-late,/blogs/blog/no-you-didnt-start-jiu-jitsu-too-late,301,Existing Shopify redirect → /blogs/blog/no-you-didnt-start-jiu-jitsu-too-late. Flatten to retained article/technique URL in one hop.
/what-makes-a-true-jiu-jitsu-master,legacy-redirect,what-makes-a-true-jiu-jitsu-master,(gone),410,Existing Shopify redirect → /blogs/blog/what-makes-a-true-jiu-jitsu-master. Obsolete WordPress-era blog target with no retained article. Default 410; do not homepage-dump.
/the-single-leg-takedown-a-conceptual-approach,legacy-redirect,the-single-leg-takedown-a-conceptual-approach,/blogs/blog/the-single-leg-takedown-a-conceptual-approach,301,Existing Shopify redirect → /blogs/blog/the-single-leg-takedown-a-conceptual-approach. Flatten to retained article/technique URL in one hop.
/the-evolution-of-jiu-jitsu,legacy-redirect,the-evolution-of-jiu-jitsu,/blogs/blog/the-evolution-of-jiu-jitsu,301,Existing Shopify redirect → /blogs/blog/the-evolution-of-jiu-jitsu. Flatten to retained article/technique URL in one hop.
/why-you-lost-your-last-jiu-jitsu-tournament,legacy-redirect,why-you-lost-your-last-jiu-jitsu-tournament,(gone),410,Existing Shopify redirect → /blogs/blog/why-you-lost-your-last-jiu-jitsu-tournament. Obsolete WordPress-era blog target with no retained article. Default 410; do not homepage-dump.
/cross-training-in-wrestling-and-jiu-jitsu,legacy-redirect,cross-training-in-wrestling-and-jiu-jitsu,/blogs/blog/cross-training-in-wrestling-and-jiu-jitsu,301,Existing Shopify redirect → /blogs/blog/cross-training-in-wrestling-and-jiu-jitsu. Flatten to retained article/technique URL in one hop.
/mobility-training-for-jiu-jitsu,legacy-redirect,mobility-training-for-jiu-jitsu,/blogs/blog/mobility-training-for-jiu-jitsu,301,Existing Shopify redirect → /blogs/blog/mobility-training-for-jiu-jitsu. Flatten to retained article/technique URL in one hop.
/nutrient-timing-for-grapplers,legacy-redirect,nutrient-timing-for-grapplers,(gone),410,Existing Shopify redirect → /blogs/blog/nutrient-timing-for-grapplers. Obsolete WordPress-era blog target with no retained article. Default 410; do not homepage-dump.
/bjjs-biggest-weakness-is-its-new-secret-weapon,legacy-redirect,bjjs-biggest-weakness-is-its-new-secret-weapon,/blogs/blog/bjjs-biggest-weakness-is-its-new-secret-weapon,301,Existing Shopify redirect → /blogs/blog/bjjs-biggest-weakness-is-its-new-secret-weapon. Flatten to retained article/technique URL in one hop.
/the-top-7-shoulder-conditions-effecting-grapplers,legacy-redirect,the-top-7-shoulder-conditions-effecting-grapplers,/blogs/blog/the-top-7-shoulder-conditions-effecting-grapplers,301,Existing Shopify redirect → /blogs/blog/the-top-7-shoulder-conditions-effecting-grapplers. Flatten to retained article/technique URL in one hop.
/5-reasons-kettlebells-are-the-perfect-compliment-to-jiu-jitsu,legacy-redirect,5-reasons-kettlebells-are-the-perfect-compliment-to-jiu-jitsu,(gone),410,Existing Shopify redirect → /blogs/blog/5-reasons-kettlebells-are-the-perfect-compliment-to-jiu-jitsu. Obsolete WordPress-era blog target with no retained article. Default 410; do not homepage-dump.
/the-fundamentals-of-x-guard,legacy-redirect,the-fundamentals-of-x-guard,(gone),410,Existing Shopify redirect → /blogs/blog/the-fundamentals-of-x-guard. Obsolete WordPress-era blog target with no retained article. Default 410; do not homepage-dump.
/basic-guard-passing-drills,legacy-redirect,basic-guard-passing-drills,(gone),410,Existing Shopify redirect → /blogs/blog/basic-guard-passing-drills. Obsolete WordPress-era blog target with no retained article. Default 410; do not homepage-dump.
/3-unusual-ways-to-open-the-guard,legacy-redirect,3-unusual-ways-to-open-the-guard,(gone),410,Existing Shopify redirect → /blogs/blog/3-unusual-ways-to-open-the-guard. Obsolete WordPress-era blog target with no retained article. Default 410; do not homepage-dump.
/basics-of-the-straight-foot-lock,legacy-redirect,basics-of-the-straight-foot-lock,(gone),410,Existing Shopify redirect → /blogs/blog/basics-of-the-straight-foot-lock. Obsolete WordPress-era blog target with no retained article. Default 410; do not homepage-dump.
/the-sneakiest-choke-youll-ever-do,legacy-redirect,the-sneakiest-choke-youll-ever-do,(gone),410,Existing Shopify redirect → /blogs/blog/the-sneakiest-choke-youll-ever-do. Obsolete WordPress-era blog target with no retained article. Default 410; do not homepage-dump.
/a-detailed-guide-to-the-guillotine-choke,legacy-redirect,a-detailed-guide-to-the-guillotine-choke,(gone),410,Existing Shopify redirect → /blogs/blog/a-detailed-guide-to-the-guillotine-choke. Obsolete WordPress-era blog target with no retained article. Default 410; do not homepage-dump.
/a-parents-guide-to-bjj-for-kids,legacy-redirect,a-parents-guide-to-bjj-for-kids,(gone),410,Existing Shopify redirect → /blogs/blog/a-parents-guide-to-bjj-for-kids. Obsolete WordPress-era blog target with no retained article. Default 410; do not homepage-dump.
/jiu-jitsu-journal-taking-notes-bjj,legacy-redirect,jiu-jitsu-journal-taking-notes-bjj,(gone),410,Existing Shopify redirect → /blogs/blog/jiu-jitsu-journal-taking-notes-bjj. Obsolete WordPress-era blog target with no retained article. Default 410; do not homepage-dump.
/bjj-survival-guide-tips-tricks-training-jiu-jitsu,legacy-redirect,bjj-survival-guide-tips-tricks-training-jiu-jitsu,(gone),410,Existing Shopify redirect → /blogs/blog/bjj-survival-guide-tips-tricks-training-jiu-jitsu. Obsolete WordPress-era blog target with no retained article. Default 410; do not homepage-dump.
/beginners-read-first-bjj-class,legacy-redirect,beginners-read-first-bjj-class,(gone),410,Existing Shopify redirect → /blogs/blog/beginners-read-first-bjj-class. Obsolete WordPress-era blog target with no retained article. Default 410; do not homepage-dump.
/bjj-gym-bag-hacks-must-essentials-jiu-jitsu,legacy-redirect,bjj-gym-bag-hacks-must-essentials-jiu-jitsu,(gone),410,Existing Shopify redirect → /blogs/blog/bjj-gym-bag-hacks-must-essentials-jiu-jitsu. Obsolete WordPress-era blog target with no retained article. Default 410; do not homepage-dump.
?p=4942,legacy-redirect,?p=4942,(gone),410,Existing Shopify redirect → /blogs/blog/commandments-for-jiu-jitsu. Obsolete WordPress-era blog target with no retained article. Default 410; do not homepage-dump. Query-string source.
/bjj-hair-hairstyles-jiu-jitsu,legacy-redirect,bjj-hair-hairstyles-jiu-jitsu,(gone),410,Existing Shopify redirect → /blogs/blog/bjj-hair-hairstyles-jiu-jitsu. Obsolete WordPress-era blog target with no retained article. Default 410; do not homepage-dump.
/period-training-jiu-jitsu-menstrual-cycle-martial-arts,legacy-redirect,period-training-jiu-jitsu-menstrual-cycle-martial-arts,(gone),410,Existing Shopify redirect → /blogs/blog/period-training-jiu-jitsu-menstrual-cycle-martial-arts. Obsolete WordPress-era blog target with no retained article. Default 410; do not homepage-dump.
/bjj-off-mats-live-jiu-jitsu-lifestyle,legacy-redirect,bjj-off-mats-live-jiu-jitsu-lifestyle,(gone),410,Existing Shopify redirect → /blogs/blog/bjj-off-mats-live-jiu-jitsu-lifestyle. Obsolete WordPress-era blog target with no retained article. Default 410; do not homepage-dump.
/morning-routine-bjj-day,legacy-redirect,morning-routine-bjj-day,(gone),410,Existing Shopify redirect → /blogs/blog/morning-routine-bjj-day. Obsolete WordPress-era blog target with no retained article. Default 410; do not homepage-dump.
/main-positions-jiu-jitsu,legacy-redirect,main-positions-jiu-jitsu,/blogs/blog/main-positions-jiu-jitsu,301,Existing Shopify redirect → /blogs/blog/main-positions-jiu-jitsu. Flatten to retained article/technique URL in one hop.
/jiu-jitsu-sisterhood-selfie-scavenger-hunt,legacy-redirect,jiu-jitsu-sisterhood-selfie-scavenger-hunt,(gone),410,Existing Shopify redirect → /blogs/blog/jiu-jitsu-sisterhood-selfie-scavenger-hunt. Obsolete WordPress-era blog target with no retained article. Default 410; do not homepage-dump.
/bjj-jiu-jitsu,legacy-redirect,bjj-jiu-jitsu,(gone),410,Existing Shopify redirect → /blogs/blog/bjj-jiu-jitsu. Obsolete WordPress-era blog target with no retained article. Default 410; do not homepage-dump.
/jiu-jitsu-40,legacy-redirect,jiu-jitsu-40,(gone),410,Existing Shopify redirect → /blogs/blog/jiu-jitsu-40. Obsolete WordPress-era blog target with no retained article. Default 410; do not homepage-dump.
/top-10-superfoods-jiu-jitsu,legacy-redirect,top-10-superfoods-jiu-jitsu,(gone),410,Existing Shopify redirect → /blogs/blog/top-10-superfoods-jiu-jitsu. Obsolete WordPress-era blog target with no retained article. Default 410; do not homepage-dump.
/meditation-martial-arts,legacy-redirect,meditation-martial-arts,(gone),410,Existing Shopify redirect → /blogs/blog/meditation-martial-arts. Obsolete WordPress-era blog target with no retained article. Default 410; do not homepage-dump.
/training-martial-arts-moms,legacy-redirect,training-martial-arts-moms,(gone),410,Existing Shopify redirect → /blogs/blog/training-martial-arts-moms. Obsolete WordPress-era blog target with no retained article. Default 410; do not homepage-dump.
?p=5110,legacy-redirect,?p=5110,(gone),410,Existing Shopify redirect → /blogs/blog/bjj-neck-injury-getting-stacked. Obsolete WordPress-era blog target with no retained article. Default 410; do not homepage-dump. Query-string source.
/episode-001-roy-dean,legacy-redirect,episode-001-roy-dean,(gone),410,Existing Shopify redirect → /blogs/blog/episode-001-roy-dean. Obsolete WordPress-era blog target with no retained article. Default 410; do not homepage-dump.
/episode-004-eddie-fyvie,legacy-redirect,episode-004-eddie-fyvie,(gone),410,Existing Shopify redirect → /blogs/blog/episode-004-eddie-fyvie. Obsolete WordPress-era blog target with no retained article. Default 410; do not homepage-dump.
/episode-003-nick-raphael,legacy-redirect,episode-003-nick-raphael,(gone),410,Existing Shopify redirect → /blogs/blog/episode-003-nick-raphael. Obsolete WordPress-era blog target with no retained article. Default 410; do not homepage-dump.
/episode-002-mike-bidwell,legacy-redirect,episode-002-mike-bidwell,(gone),410,Existing Shopify redirect → /blogs/blog/episode-002-mike-bidwell. Obsolete WordPress-era blog target with no retained article. Default 410; do not homepage-dump.
/episode-005-paul-moran,legacy-redirect,episode-005-paul-moran,(gone),410,Existing Shopify redirect → /blogs/blog/episode-005-paul-moran. Obsolete WordPress-era blog target with no retained article. Default 410; do not homepage-dump.
/episode-007-liam-resnekov,legacy-redirect,episode-007-liam-resnekov,(gone),410,Existing Shopify redirect → /blogs/blog/episode-007-liam-resnekov. Obsolete WordPress-era blog target with no retained article. Default 410; do not homepage-dump.
/episode-006-mike-arash-moghaddas,legacy-redirect,episode-006-mike-arash-moghaddas,(gone),410,Existing Shopify redirect → /blogs/blog/episode-006-mike-arash-moghaddas. Obsolete WordPress-era blog target with no retained article. Default 410; do not homepage-dump.
/episode-008-david-reilly,legacy-redirect,episode-008-david-reilly,(gone),410,Existing Shopify redirect → /blogs/blog/episode-008-david-reilly. Obsolete WordPress-era blog target with no retained article. Default 410; do not homepage-dump.
/episode-009-chris-matakas,legacy-redirect,episode-009-chris-matakas,(gone),410,Existing Shopify redirect → /blogs/blog/episode-009-chris-matakas. Obsolete WordPress-era blog target with no retained article. Default 410; do not homepage-dump.
/episode-010-matt-thornton,legacy-redirect,episode-010-matt-thornton,(gone),410,Existing Shopify redirect → /blogs/blog/episode-010-matt-thornton. Obsolete WordPress-era blog target with no retained article. Default 410; do not homepage-dump.
/episode-012-roger-gracie,legacy-redirect,episode-012-roger-gracie,(gone),410,Existing Shopify redirect → /blogs/blog/episode-012-roger-gracie. Obsolete WordPress-era blog target with no retained article. Default 410; do not homepage-dump.
/episode-011-scott-langley,legacy-redirect,episode-011-scott-langley,(gone),410,Existing Shopify redirect → /blogs/blog/episode-011-scott-langley. Obsolete WordPress-era blog target with no retained article. Default 410; do not homepage-dump.
/episode-013-billy-biohazard-graziadei,legacy-redirect,episode-013-billy-biohazard-graziadei,(gone),410,Existing Shopify redirect → /blogs/blog/episode-013-billy-biohazard-graziadei. Obsolete WordPress-era blog target with no retained article. Default 410; do not homepage-dump.
/episode-014-daniel-strauss,legacy-redirect,episode-014-daniel-strauss,(gone),410,Existing Shopify redirect → /blogs/blog/episode-014-daniel-strauss. Obsolete WordPress-era blog target with no retained article. Default 410; do not homepage-dump.
/episode-016-nathan-raaths,legacy-redirect,episode-016-nathan-raaths,(gone),410,Existing Shopify redirect → /blogs/blog/episode-016-nathan-raaths. Obsolete WordPress-era blog target with no retained article. Default 410; do not homepage-dump.
/episode-015-budo-jake-mcgee,legacy-redirect,episode-015-budo-jake-mcgee,(gone),410,Existing Shopify redirect → /blogs/blog/episode-015-budo-jake-mcgee. Obsolete WordPress-era blog target with no retained article. Default 410; do not homepage-dump.
/episode-017-johnny-fd,legacy-redirect,episode-017-johnny-fd,(gone),410,Existing Shopify redirect → /blogs/blog/episode-017-johnny-fd. Obsolete WordPress-era blog target with no retained article. Default 410; do not homepage-dump.
?p=5030,legacy-redirect,?p=5030,(gone),410,Existing Shopify redirect → /blogs/blog/episode-018-marc-barton. Obsolete WordPress-era blog target with no retained article. Default 410; do not homepage-dump. Query-string source.
/episode-018-cyrille-diabate,legacy-redirect,episode-018-cyrille-diabate,(gone),410,Existing Shopify redirect → /blogs/blog/episode-018-cyrille-diabate. Obsolete WordPress-era blog target with no retained article. Default 410; do not homepage-dump.
/episode-019-josh-griffiths,legacy-redirect,episode-019-josh-griffiths,(gone),410,Existing Shopify redirect → /blogs/blog/episode-019-josh-griffiths. Obsolete WordPress-era blog target with no retained article. Default 410; do not homepage-dump.
/episode-020-alexander-darwin,legacy-redirect,episode-020-alexander-darwin,(gone),410,Existing Shopify redirect → /blogs/blog/episode-020-alexander-darwin. Obsolete WordPress-era blog target with no retained article. Default 410; do not homepage-dump.
/episode-021-rich-byrne,legacy-redirect,episode-021-rich-byrne,(gone),410,Existing Shopify redirect → /blogs/blog/episode-021-rich-byrne. Obsolete WordPress-era blog target with no retained article. Default 410; do not homepage-dump.
/episode-022-roy-dean-2,legacy-redirect,episode-022-roy-dean-2,(gone),410,Existing Shopify redirect → /blogs/blog/episode-022-roy-dean-2. Obsolete WordPress-era blog target with no retained article. Default 410; do not homepage-dump.
/episode-023-liam-resnekov-2,legacy-redirect,episode-023-liam-resnekov-2,(gone),410,Existing Shopify redirect → /blogs/blog/episode-023-liam-resnekov-2. Obsolete WordPress-era blog target with no retained article. Default 410; do not homepage-dump.
/episode-24-abraham-marte,legacy-redirect,episode-24-abraham-marte,(gone),410,Existing Shopify redirect → /blogs/blog/episode-24-abraham-marte. Obsolete WordPress-era blog target with no retained article. Default 410; do not homepage-dump.
/episode-025-kit-dale,legacy-redirect,episode-025-kit-dale,(gone),410,Existing Shopify redirect → /blogs/blog/episode-025-kit-dale. Obsolete WordPress-era blog target with no retained article. Default 410; do not homepage-dump.
/episode-026-manuel-flores,legacy-redirect,episode-026-manuel-flores,(gone),410,Existing Shopify redirect → /blogs/blog/episode-026-manuel-flores. Obsolete WordPress-era blog target with no retained article. Default 410; do not homepage-dump.
/episode-027-andrew-macdonald,legacy-redirect,episode-027-andrew-macdonald,(gone),410,Existing Shopify redirect → /blogs/blog/episode-027-andrew-macdonald. Obsolete WordPress-era blog target with no retained article. Default 410; do not homepage-dump.
/episode-028-henry-akins,legacy-redirect,episode-028-henry-akins,(gone),410,Existing Shopify redirect → /blogs/blog/episode-028-henry-akins. Obsolete WordPress-era blog target with no retained article. Default 410; do not homepage-dump.
/episode-029-simon-yeo,legacy-redirect,episode-029-simon-yeo,(gone),410,Existing Shopify redirect → /blogs/blog/episode-029-simon-yeo. Obsolete WordPress-era blog target with no retained article. Default 410; do not homepage-dump.
/special-episode-mike-bidwell-2,legacy-redirect,special-episode-mike-bidwell-2,(gone),410,Existing Shopify redirect → /blogs/blog/special-episode-mike-bidwell-2. Obsolete WordPress-era blog target with no retained article. Default 410; do not homepage-dump.
/episode-030-rondel-benjamin,legacy-redirect,episode-030-rondel-benjamin,(gone),410,Existing Shopify redirect → /blogs/blog/episode-030-rondel-benjamin. Obsolete WordPress-era blog target with no retained article. Default 410; do not homepage-dump.
/episode-031-oliver-geddes,legacy-redirect,episode-031-oliver-geddes,(gone),410,Existing Shopify redirect → /blogs/blog/episode-031-oliver-geddes. Obsolete WordPress-era blog target with no retained article. Default 410; do not homepage-dump.
/episode-032-huntley-smith,legacy-redirect,episode-032-huntley-smith,(gone),410,Existing Shopify redirect → /blogs/blog/episode-032-huntley-smith. Obsolete WordPress-era blog target with no retained article. Default 410; do not homepage-dump.
/episode-033-gerald-garland,legacy-redirect,episode-033-gerald-garland,(gone),410,Existing Shopify redirect → /blogs/blog/episode-033-gerald-garland. Obsolete WordPress-era blog target with no retained article. Default 410; do not homepage-dump.
/episode-034-brian-jones,legacy-redirect,episode-034-brian-jones,(gone),410,Existing Shopify redirect → /blogs/blog/episode-034-brian-jones. Obsolete WordPress-era blog target with no retained article. Default 410; do not homepage-dump.
/episode-035-chuck-rylant,legacy-redirect,episode-035-chuck-rylant,(gone),410,Existing Shopify redirect → /blogs/blog/episode-035-chuck-rylant. Obsolete WordPress-era blog target with no retained article. Default 410; do not homepage-dump.
/episode-036-robert-drysdale,legacy-redirect,episode-036-robert-drysdale,(gone),410,Existing Shopify redirect → /blogs/blog/episode-036-robert-drysdale. Obsolete WordPress-era blog target with no retained article. Default 410; do not homepage-dump.
/episode-039-fernando-yamasaki,legacy-redirect,episode-039-fernando-yamasaki,(gone),410,Existing Shopify redirect → /blogs/blog/episode-039-fernando-yamasaki. Obsolete WordPress-era blog target with no retained article. Default 410; do not homepage-dump.
/episode-037-ryan-ford,legacy-redirect,episode-037-ryan-ford,(gone),410,Existing Shopify redirect → /blogs/blog/episode-037-ryan-ford. Obsolete WordPress-era blog target with no retained article. Default 410; do not homepage-dump.
/episode-038-jason-keaton,legacy-redirect,episode-038-jason-keaton,(gone),410,Existing Shopify redirect → /blogs/blog/episode-038-jason-keaton. Obsolete WordPress-era blog target with no retained article. Default 410; do not homepage-dump.
/episode-040-jon-hinds,legacy-redirect,episode-040-jon-hinds,(gone),410,Existing Shopify redirect → /blogs/blog/episode-040-jon-hinds. Obsolete WordPress-era blog target with no retained article. Default 410; do not homepage-dump.
/episode-041-david-aguzzi,legacy-redirect,episode-041-david-aguzzi,(gone),410,Existing Shopify redirect → /blogs/blog/episode-041-david-aguzzi. Obsolete WordPress-era blog target with no retained article. Default 410; do not homepage-dump.
/episode-042-daniele-boleli,legacy-redirect,episode-042-daniele-boleli,(gone),410,Existing Shopify redirect → /blogs/blog/episode-042-daniele-boleli. Obsolete WordPress-era blog target with no retained article. Default 410; do not homepage-dump.
/episode-043-adem-redzovic,legacy-redirect,episode-043-adem-redzovic,(gone),410,Existing Shopify redirect → /blogs/blog/episode-043-adem-redzovic. Obsolete WordPress-era blog target with no retained article. Default 410; do not homepage-dump.
/episode-044-heather-raftery,legacy-redirect,episode-044-heather-raftery,(gone),410,Existing Shopify redirect → /blogs/blog/episode-044-heather-raftery. Obsolete WordPress-era blog target with no retained article. Default 410; do not homepage-dump.
/ep-045-martin-lowe,legacy-redirect,ep-045-martin-lowe,(gone),410,Existing Shopify redirect → /blogs/blog/ep-045-martin-lowe. Obsolete WordPress-era blog target with no retained article. Default 410; do not homepage-dump.
/ep-046-masterskya,legacy-redirect,ep-046-masterskya,(gone),410,Existing Shopify redirect → /blogs/blog/ep-046-masterskya. Obsolete WordPress-era blog target with no retained article. Default 410; do not homepage-dump.
/ep-047-brad-waldron,legacy-redirect,ep-047-brad-waldron,(gone),410,Existing Shopify redirect → /blogs/blog/ep-047-brad-waldron. Obsolete WordPress-era blog target with no retained article. Default 410; do not homepage-dump.
/ep-048-pedro-sauer,legacy-redirect,ep-048-pedro-sauer,(gone),410,Existing Shopify redirect → /blogs/blog/ep-048-pedro-sauer. Obsolete WordPress-era blog target with no retained article. Default 410; do not homepage-dump.
/ep-50-paul-bridges,legacy-redirect,ep-50-paul-bridges,(gone),410,Existing Shopify redirect → /blogs/blog/ep-50-paul-bridges. Obsolete WordPress-era blog target with no retained article. Default 410; do not homepage-dump.
/ep-49-christopher-reed,legacy-redirect,ep-49-christopher-reed,(gone),410,Existing Shopify redirect → /blogs/blog/ep-49-christopher-reed. Obsolete WordPress-era blog target with no retained article. Default 410; do not homepage-dump.
/ep-051-jay-valko,legacy-redirect,ep-051-jay-valko,(gone),410,Existing Shopify redirect → /blogs/blog/ep-051-jay-valko. Obsolete WordPress-era blog target with no retained article. Default 410; do not homepage-dump.
/ep-052-mike-velez,legacy-redirect,ep-052-mike-velez,(gone),410,Existing Shopify redirect → /blogs/blog/ep-052-mike-velez. Obsolete WordPress-era blog target with no retained article. Default 410; do not homepage-dump.
/special-episode-nic-gregoriades-ama,legacy-redirect,special-episode-nic-gregoriades-ama,(gone),410,Existing Shopify redirect → /blogs/blog/special-episode-nic-gregoriades-ama. Obsolete WordPress-era blog target with no retained article. Default 410; do not homepage-dump.
/ep-053-paul-moran-2,legacy-redirect,ep-053-paul-moran-2,(gone),410,Existing Shopify redirect → /blogs/blog/ep-053-paul-moran-2. Obsolete WordPress-era blog target with no retained article. Default 410; do not homepage-dump.
/ep-054-nogi-yogi,legacy-redirect,ep-054-nogi-yogi,(gone),410,Existing Shopify redirect → /blogs/blog/ep-054-nogi-yogi. Obsolete WordPress-era blog target with no retained article. Default 410; do not homepage-dump.
/ep-055-daren-bartlett,legacy-redirect,ep-055-daren-bartlett,(gone),410,Existing Shopify redirect → /blogs/blog/ep-055-daren-bartlett. Obsolete WordPress-era blog target with no retained article. Default 410; do not homepage-dump.
/ep-056-bret-perchaluk,legacy-redirect,ep-056-bret-perchaluk,(gone),410,Existing Shopify redirect → /blogs/blog/ep-056-bret-perchaluk. Obsolete WordPress-era blog target with no retained article. Default 410; do not homepage-dump.
/ep-058-brent-burniston,legacy-redirect,ep-058-brent-burniston,(gone),410,Existing Shopify redirect → /blogs/blog/ep-058-brent-burniston. Obsolete WordPress-era blog target with no retained article. Default 410; do not homepage-dump.
/ep-058-james-hoffman,legacy-redirect,ep-058-james-hoffman,(gone),410,Existing Shopify redirect → /blogs/blog/ep-058-james-hoffman. Obsolete WordPress-era blog target with no retained article. Default 410; do not homepage-dump.
/ep-059-ishmael-bentley,legacy-redirect,ep-059-ishmael-bentley,(gone),410,Existing Shopify redirect → /blogs/blog/ep-059-ishmael-bentley. Obsolete WordPress-era blog target with no retained article. Default 410; do not homepage-dump.
/ep-060-mike-pastor,legacy-redirect,ep-060-mike-pastor,(gone),410,Existing Shopify redirect → /blogs/blog/ep-060-mike-pastor. Obsolete WordPress-era blog target with no retained article. Default 410; do not homepage-dump.
/ep-061-jay-campbell,legacy-redirect,ep-061-jay-campbell,(gone),410,Existing Shopify redirect → /blogs/blog/ep-061-jay-campbell. Obsolete WordPress-era blog target with no retained article. Default 410; do not homepage-dump.
/ep-062-lawrence-dunning,legacy-redirect,ep-062-lawrence-dunning,(gone),410,Existing Shopify redirect → /blogs/blog/ep-062-lawrence-dunning. Obsolete WordPress-era blog target with no retained article. Default 410; do not homepage-dump.
/ep-063-thomas-mietz,legacy-redirect,ep-063-thomas-mietz,(gone),410,Existing Shopify redirect → /blogs/blog/ep-063-thomas-mietz. Obsolete WordPress-era blog target with no retained article. Default 410; do not homepage-dump.
/ep-064-christopher-odell,legacy-redirect,ep-064-christopher-odell,(gone),410,Existing Shopify redirect → /blogs/blog/ep-064-christopher-odell. Obsolete WordPress-era blog target with no retained article. Default 410; do not homepage-dump.
?p=5246,legacy-redirect,?p=5246,(gone),410,Existing Shopify redirect → /blogs/blog/charlie-cooper. Obsolete WordPress-era blog target with no retained article. Default 410; do not homepage-dump. Query-string source.
/ep-065-stuart-cooper,legacy-redirect,ep-065-stuart-cooper,(gone),410,Existing Shopify redirect → /blogs/blog/ep-065-stuart-cooper. Obsolete WordPress-era blog target with no retained article. Default 410; do not homepage-dump.
/ep-066-scott-smith,legacy-redirect,ep-066-scott-smith,(gone),410,Existing Shopify redirect → /blogs/blog/ep-066-scott-smith. Obsolete WordPress-era blog target with no retained article. Default 410; do not homepage-dump.
?p=5257,legacy-redirect,?p=5257,(gone),410,Existing Shopify redirect → /blogs/blog/ep-067-charlie-cooper. Obsolete WordPress-era blog target with no retained article. Default 410; do not homepage-dump. Query-string source.
/ep-067-dr-john-bonner,legacy-redirect,ep-067-dr-john-bonner,(gone),410,Existing Shopify redirect → /blogs/blog/ep-067-dr-john-bonner. Obsolete WordPress-era blog target with no retained article. Default 410; do not homepage-dump.
/ep-068-michael-katilus,legacy-redirect,ep-068-michael-katilus,(gone),410,Existing Shopify redirect → /blogs/blog/ep-068-michael-katilus. Obsolete WordPress-era blog target with no retained article. Default 410; do not homepage-dump.
/palawan,legacy-redirect,palawan,(gone),410,Existing Shopify redirect → /pages/cant-find-that. Shopify target /pages/cant-find-that has no genuine replacement.
/products/copy-of-leg-locks-demystified,legacy-redirect,copy-of-leg-locks-demystified,(gone),410,Existing Shopify redirect → /products/half-guard-mastery. Retired digital/product half-guard-mastery; not in current catalogue.
/membership-access,legacy-redirect,membership-access,(gone),410,Existing Shopify redirect → https://www.jiujitsubrotherhood.com/pages/closed-bjj-building-blocks-and-bjj-learning-sites. External target is retired course page; 410 rather than preserve that hop.
/products/kids-club-network-interclub-competition-2024,legacy-redirect,kids-club-network-interclub-competition-2024,/products/kids-club-network-interclub-competition-2026,PRESERVE,Existing Shopify redirect → /products/kids-club-network-interclub-competition-2026. Event draft product URL; public 404 while unpublished.
/news,kjj-derived-route,news,/blogs/blog,301,KJJ clone Articles placeholder. Live Shopify /news is 404.
/shop/,kjj-derived-route,shop,/collections/all,301,"Same destination as /shop after trailingSlash:false. Approved Phase 2B: catalogue/shop landing is /collections/all."
