record_kind,content_role,shopify_id,title,handle,blog_handle,blog_title,canonical_url,is_published,published_at,created_at,updated_at,author,has_summary,summary_chars,body_format,body_chars_text,body_bytes,has_featured_image,featured_image_url,featured_image_alt,seo_title,seo_description,tags,inline_image_count,youtube_or_iframe,iframe_count,internal_link_count,external_link_count,transform_link_count,sample_transform_links,migration_difficulty,difficulty_flags,appears_complete,recommended_treatment,decision_needed,notes_extra
technique,technique,gid://shopify/Article/606540759322,Terminator Guard Passing,terminator-guard-passing,techniques,Techniques,/blogs/techniques/terminator-guard-passing,true,2023-11-30T12:19:16Z,2023-11-30T12:03:48Z,2023-12-09T11:42:31Z,JJB Admin,true,107,html,446,971,true,https://cdn.shopify.com/s/files/1/0363/5125/articles/Terminator_Passing_YouTube.png?v=1701345828,,,"In this video, 3rd-degree black belt Rob Taylor teaches a guard passing concept that he uses to pass the de la Riva guard. He compares the feeling underneath the pass to a famous moment in the Terminator movie!",belts|Gis|patches|rashguards,0,yes,1,0,1,0,,C,embed;product-like-tags,yes,MIGRATE,no,Tags look like Shopify product collection tags; strip on import
article,article,gid://shopify/Article/606559076634,Fear and Courage in Martial Arts,fear-and-courage,blog,Articles,/blogs/blog/fear-and-courage,true,2023-12-10T08:54:02Z,2023-12-05T11:38:15Z,2023-12-10T08:54:54Z,JJB Admin,true,87,html,9955,12503,true,https://cdn.shopify.com/s/files/1/0363/5125/articles/Fear_and_Courage.png?v=1701776921,,,"Fear, courage, the discomfort zone and personal development in martial arts and beyond.",belts|Gis|patches|rashguards,6,no,0,0,1,0,,A,,yes,MIGRATE,no,
article,article,gid://shopify/Article/606503010586,BJJ Strength Blitz: Game-Changing Workout,bjj-strength-blitz-game-changing-workout,blog,Articles,/blogs/blog/bjj-strength-blitz-game-changing-workout,true,2023-11-19T08:52:03Z,2023-11-19T08:52:03Z,2023-12-10T08:56:59Z,JJB Admin,true,319,html,4267,5242,true,https://cdn.shopify.com/s/files/1/0363/5125/articles/Leigh_s_5x5_Workout.png?v=1700383924,,,"MMA legend Leigh Remedios unveils his current strength workout, which starkly contrasts his earlier workouts. This workout is dynamic, unusual, convenient, and highly effective, backed by the latest studies. It can be done as little as once or twice per week, making it ideal for jiu jitsu practitioners with less time.",belts|rashguards,0,yes,1,1,2,0,,C,embed,yes,MIGRATE,no,
article,article,gid://shopify/Article/405425619004,The Rear Naked Choke - The King of Submissions,the-rear-naked-choke-the-king-of-submissions,blog,Articles,/blogs/blog/the-rear-naked-choke-the-king-of-submissions,true,2019-09-02T23:00:00Z,2020-01-04T02:37:32Z,2023-12-10T08:58:16Z,JJB Admin,true,122,html,4593,4962,true,https://cdn.shopify.com/s/files/1/0363/5125/articles/Rear_Naked_Choke.png?v=1578477225,,,"This article provides a comprehensive exploration of the technique, strategies, and nuances behind this iconic submission.",Category_Techniques|Gis|patches,0,no,0,0,2,0,,A,,yes,MIGRATE,no,
article,article,gid://shopify/Article/405426700348,The Science of Jiu Jitsu,the-science-of-jiu-jitsu,blog,Articles,/blogs/blog/the-science-of-jiu-jitsu,true,2018-06-19T23:00:00Z,2020-01-04T02:38:29Z,2023-12-10T09:00:20Z,JJB Admin,true,192,html,10192,13233,true,https://cdn.shopify.com/s/files/1/0363/5125/articles/Science_of_BJJ.png?v=1579169207,,The Science of Jiu Jitsu,"In this article, we look at the physics behind BJJ and demonstrate how the interplay of leverage, force and mass work together to create effective technique.",belts|patches|rashguards,6,no,0,6,0,6,http://www.jiujitsubrotherhood.com/wp-content/uploads/Screen-Shot-2018-06-20-at-9.15.10-AM.png | http://www.jiujitsubrotherhood.com/wp-content/uploads/Screen-Shot-2018-06-20-at-9.15.23-AM.png | http://www.jiujitsubrotherhood.com/wp-content/uploads/armbar-short-lever.jpg | http://www.jiujitsubrotherhood.com/wp-content/uploads/armbar-long-lever.jpg | http://www.jiujitsubrotherhood.com/wp-content/uploads/sidemount-short-lever.jpg,A,,yes,MIGRATE,no,
article,article,gid://shopify/Article/405427028028,BJJ's Biggest Weakness is it's New Secret Weapon,bjjs-biggest-weakness-is-its-new-secret-weapon,blog,Articles,/blogs/blog/bjjs-biggest-weakness-is-its-new-secret-weapon,true,2018-12-29T00:00:00Z,2020-01-04T02:38:45Z,2023-12-10T09:02:07Z,JJB Admin,true,168,html,5197,5761,true,https://cdn.shopify.com/s/files/1/0363/5125/articles/Secret_Weapon.png?v=1579172677,,,What a landmark study of hundreds of jiu jitsu matches shows about your likelihood of winning almost any match under the BJJ ruleset.,Gis|patches,1,no,0,0,0,0,,A,,yes,MIGRATE,no,
article,article,gid://shopify/Article/405426962492,Mobility Training for Jiu Jitsu,mobility-training-for-jiu-jitsu,blog,Articles,/blogs/blog/mobility-training-for-jiu-jitsu,true,2019-02-09T00:00:00Z,2020-01-04T02:38:41Z,2023-12-10T09:10:02Z,JJB Admin,true,154,html,22749,25334,true,https://cdn.shopify.com/s/files/1/0363/5125/articles/Mobility.png?v=1579078698,,,Mobility expert Billy Edelen shows you which simple exercises you should be doing if you want to keep your joints healthy and movements on the mat smooth.,belts|patches|rashguards,5,no,0,0,1,0,,A,,yes,MIGRATE,no,
article,article,gid://shopify/Article/405424603196,Sleep and the Jiu Jitsu Practitioner,sleep-and-the-jiu-jitsu-practitioner,blog,Articles,/blogs/blog/sleep-and-the-jiu-jitsu-practitioner,true,2013-11-08T00:00:00Z,2020-01-04T02:36:41Z,2023-12-10T09:14:17Z,JJB Admin,true,169,html,7899,8537,true,https://cdn.shopify.com/s/files/1/0363/5125/articles/Sleep_4e83f376-7373-40bf-96df-f2bde725f493.png?v=1579426271,,The Importance of Sleep for the BJJ Player,Sleep researchers Ian Dunican and James Caldwell share their insights on sleep and how important it is for the jiu jitsu practitioner.,belts|Gis|patches|rashguards,1,no,0,1,0,1,http://jiujitsubrotherhood.com/wp-content/uploads/sleep-and-jiu-jitsu.jpg,A,,yes,MIGRATE,no,
article,article,gid://shopify/Article/405424799804,How to Learn Jiu Jitsu Faster,how-to-learn-jiu-jitsu-faster,blog,Articles,/blogs/blog/how-to-learn-jiu-jitsu-faster,true,2014-05-04T23:00:00Z,2020-01-04T02:36:50Z,2023-12-10T09:15:16Z,JJB Admin,true,174,html,6211,7768,true,https://cdn.shopify.com/s/files/1/0363/5125/articles/Learn_faster.png?v=1579429831,,Adapting Your Learning Style to Jiu Jitsu,"Many instructors adopt a one-size-fits-all approach to teaching BJJ, but we all learn in different ways - improve faster with this formula.",belts|Gis|rashguards,2,no,0,1,1,1,http://www.jiujitsubrotherhood.com/wp-content/uploads/teaching_jiu_jitsu.png,A,,yes,MIGRATE,no,
article,article,gid://shopify/Article/405426929724,Cross Training in Wrestling and Jiu Jitsu,cross-training-in-wrestling-and-jiu-jitsu,blog,Articles,/blogs/blog/cross-training-in-wrestling-and-jiu-jitsu,true,2019-01-13T00:00:00Z,2020-01-04T02:38:40Z,2023-12-10T09:19:13Z,JJB Admin,true,118,html,10147,11794,true,https://cdn.shopify.com/s/files/1/0363/5125/articles/Cross_Training_with_Wrestling.png?v=1579083405,,,"This article was written by former collegiate wrestler, member of Thailand’s national freestyle wrestling team, and current combat sports enthusiast Che Chengsupanimit. He writes about how to improve your takedowns and achieve higher performance both physically and mentally.",patches|rashguards|shorts|spats,0,no,0,0,2,0,,A,,yes,MIGRATE,no,
article,article,gid://shopify/Article/405426405436,BJJ Positional Study: Shin-to-Shin & Single Leg X (Ashi Garami),positional-study-shin-to-shin-single-leg-x-ashi-garami,blog,Articles,/blogs/blog/positional-study-shin-to-shin-single-leg-x-ashi-garami,true,2017-12-06T00:00:00Z,2020-01-04T02:38:09Z,2023-12-10T09:21:02Z,JJB Admin,true,157,html,8667,11825,true,https://cdn.shopify.com/s/files/1/0363/5125/articles/Shin_to_Shin_Study.png?v=1579517716,,BJJ Positional Study: Shin-to-Shin & Single Leg X (Ashi Garami),Shin-to-Shin Guard and Ashi Garami are two of the most popular guard variations in the modern BJJ game. This case-study explains how to use them effectively.,belts|Gis|rashguards,8,no,0,8,1,8,http://www.jiujitsubrotherhood.com/wp-content/uploads/Shin-to-Shin-Guard-1.jpg | http://www.jiujitsubrotherhood.com/wp-content/uploads/Shin-to-Shin-Guard-Ashi-Garami-Single-Leg-x-2.jpg | http://www.jiujitsubrotherhood.com/wp-content/uploads/Elevation.jpg | http://www.jiujitsubrotherhood.com/wp-content/uploads/elevate-2.jpg | http://www.jiujitsubrotherhood.com/wp-content/uploads/Ashi-Entry.jpg,A,,yes,MIGRATE,no,
article,article,gid://shopify/Article/405426044988,A Coach is More Than Just a Teacher,a-coach-is-more-than-just-a-teacher,blog,Articles,/blogs/blog/a-coach-is-more-than-just-a-teacher,true,2017-09-17T23:00:00Z,2020-01-04T02:37:50Z,2023-12-10T09:45:38Z,JJB Admin,true,147,html,9577,10186,true,https://cdn.shopify.com/s/files/1/0363/5125/articles/Coach_more_than_teacher.png?v=1579525996,,,Being a coach is a huge responsibility. You never know just how much you might positively affect someone's life.,Gis|rashguards,1,no,0,0,1,0,,A,,yes,MIGRATE,no,
article,article,gid://shopify/Article/405426012220,The Gracies - First Family of Jiu Jitsu,the-gracies-first-family-of-jiu-jitsu,blog,Articles,/blogs/blog/the-gracies-first-family-of-jiu-jitsu,true,2017-07-23T23:00:00Z,2020-01-04T02:37:49Z,2023-12-10T09:46:41Z,JJB Admin,true,176,html,19923,21273,true,https://cdn.shopify.com/s/files/1/0363/5125/articles/The_Gracies.png?v=1579526849,,The Gracies - First Family of Martial Arts | Jiu Jitsu Brotherhood,"The Gracie Dynasty has had a huge influence on BJJ . Although some dispute the claims made by the family, nobody can deny their contribution.",belts|Gis|patches|rashguards,0,no,0,0,1,0,,A,,yes,MIGRATE,no,
article,article,gid://shopify/Article/405425782844,5 Ways Jiu Jitsu Benefits Children with Autism,5-ways-jiujitsu-benefits-children-autism,blog,Articles,/blogs/blog/5-ways-jiujitsu-benefits-children-autism,true,2017-02-23T00:00:00Z,2020-01-04T02:37:38Z,2023-12-10T09:48:39Z,JJB Admin,true,104,html,5284,5435,true,https://cdn.shopify.com/s/files/1/0363/5125/articles/BJJ_Autism.png?v=1579531180,,5 Ways Jiu Jitsu Benefits Children with Autism,How two teachers in Japan are using BJJ to help students with autism.,belts|patches|rashguards,0,no,0,0,1,0,,A,,yes,MIGRATE,no,
article,article,gid://shopify/Article/405425487932,The Importance of Footwork in Jiu Jitsu,importance-footwork-jiu-jitsu,blog,Articles,/blogs/blog/importance-footwork-jiu-jitsu,true,2016-10-01T23:00:00Z,2020-01-04T02:37:24Z,2023-12-10T09:49:29Z,JJB Admin,true,161,html,5415,6253,true,https://cdn.shopify.com/s/files/1/0363/5125/articles/Footwork.png?v=1579618550,,How to Use Your Feet to Maximum Advantage in Jiu Jitsu,Three simple and easy-to-implement jiu jitsu concepts that will allow you to use your feet for more effectively while rolling.,belts|patches|rashguards,3,no,0,0,1,0,,A,,yes,MIGRATE,no,
article,article,gid://shopify/Article/405425520700,Cutting Weight for Jiu Jitsu Competitions: The Ultimate Guide,cut-weight-jiu-jitsu-competitions,blog,Articles,/blogs/blog/cut-weight-jiu-jitsu-competitions,true,2016-10-20T23:00:00Z,2020-01-04T02:37:31Z,2023-12-10T09:50:00Z,JJB Admin,true,152,html,26795,27400,true,https://cdn.shopify.com/s/files/1/0363/5125/articles/Cutting_Weight.png?v=1579598972,,How to Cut Weight for BJJ Tournaments - The Definitive Guide,Want to drop weight fast or figure out which division to enter? This article will help you do it quickly and easily. Meal plans included.,Gis|rashguards,0,no,0,0,1,0,,A,,yes,MIGRATE,no,Competition advice article — not a JJB past event
article,article,gid://shopify/Article/405425094716,Become a Master of Escapes,become-a-master-of-escapes,blog,Articles,/blogs/blog/become-a-master-of-escapes,true,2015-01-14T00:00:00Z,2020-01-04T02:37:05Z,2023-12-11T09:12:08Z,JJB Admin,true,189,html,5525,5761,true,https://cdn.shopify.com/s/files/1/0363/5125/articles/jiu-jitsu-moves.jpg?v=1578105426,jiu jitsu moves,Escapes - The Most Important Jiu JItsu Moves of All,"Most BJJ practitioners focus their energy on sweeps and submissions, but learning to defend against bad positions and get out of danger is more important.",belts|Gis|rashguards,0,no,0,0,0,0,,A,,yes,MIGRATE,no,
article,article,gid://shopify/Article/405424832572,A Deeper Understanding of Jiu Jitsu,a-deeper-understanding-of-jiu-jitsu,blog,Articles,/blogs/blog/a-deeper-understanding-of-jiu-jitsu,true,2014-05-26T23:00:00Z,2020-01-04T02:36:52Z,2023-12-11T09:12:41Z,JJB Admin,true,182,html,9799,10656,true,https://cdn.shopify.com/s/files/1/0363/5125/articles/Understanding_BJJ.png?v=1579626119,,Making the Most of Your Jiu Jitsu Classes,Incorporating these principles into the design of your BJJ training program will greatly increase the speed and retention of your learning process.,belts|patches|rashguards,1,no,0,0,2,0,,A,,yes,MIGRATE,no,
article,article,gid://shopify/Article/405426765884,"No, You Didn't Start Jiu Jitsu Too Late",no-you-didnt-start-jiu-jitsu-too-late,blog,Articles,/blogs/blog/no-you-didnt-start-jiu-jitsu-too-late,true,2018-07-23T23:00:00Z,2020-01-04T02:38:32Z,2023-12-11T09:13:42Z,JJB Admin,true,135,html,9645,11093,true,https://cdn.shopify.com/s/files/1/0363/5125/articles/Not_too_late.png?v=1579511960,,"No, You Didn't Start Jiu Jitsu Too Late","Many of us regret starting jiu jitsu late in life, but in some ways this can actually be beneficial.",patches|rashguards,2,no,0,2,0,2,http://www.jiujitsubrotherhood.com/wp-content/uploads/Number-of-competitors.jpeg | http://www.jiujitsubrotherhood.com/wp-content/uploads/Framework_art.png,A,,yes,MIGRATE,no,
article,article,gid://shopify/Article/414230478908,Taking Inspiration From Helvécio Penna,taking-inspiration-from-helvecio-penna,blog,Articles,/blogs/blog/taking-inspiration-from-helvecio-penna,true,2020-01-29T15:06:00Z,2020-01-26T10:10:06Z,2023-12-11T09:14:03Z,JJB Admin,true,262,html,1298,1759,true,https://cdn.shopify.com/s/files/1/0363/5125/articles/Helvecio_Penna.png?v=1580061107,,,"This video explores the impactful narrative of a Jiu-Jitsu practitioner who has left an indelible mark on the community. Whether you're familiar with Helvécio Penna's story or discovering it for the first time, it serves as a source of motivation and reflection.",Gis|rashguards,0,yes,1,0,1,0,,C,embed,yes,MIGRATE,no,
article,article,gid://shopify/Article/405424767036,Why Concepts Are Better Than Techniques in BJJ,why-concepts-are-better-than-techniques-in-bjj,blog,Articles,/blogs/blog/why-concepts-are-better-than-techniques-in-bjj,true,2020-02-10T08:11:00Z,2020-01-04T02:36:49Z,2023-12-11T09:17:47Z,JJB Admin,true,106,html,10132,10474,true,https://cdn.shopify.com/s/files/1/0363/5125/articles/kit-dale-jiu-jitsu-technique.jpg?v=1578105410,kit dale jiu jitsu technique,,Learn how Kit Dale achieved a Black Belt in 4 years using BJJ concepts.,belts|patches|rashguards,0,no,0,1,0,0,,A,,yes,MIGRATE,no,
article,article,gid://shopify/Article/475257012284,Top 5 Injury Prevention Stretches for Jiu Jitsu,top-5-injury-prevention-stretches-for-jiu-jitsu,blog,Articles,/blogs/blog/top-5-injury-prevention-stretches-for-jiu-jitsu,true,2020-06-29T08:44:00Z,2020-06-25T10:06:17Z,2023-12-11T09:23:49Z,JJB Admin,true,165,html,5852,6721,true,https://cdn.shopify.com/s/files/1/0363/5125/articles/Stretches.png?v=1593439079,,,"This article offers a practical guide to stretches designed to enhance flexibility, reduce the risk of injury, and contribute to a more resilient Jiu-Jitsu practice.",Gis|rashguards,1,no,0,1,2,0,,A,,yes,MIGRATE,no,
article,article,gid://shopify/Article/492891930684,My Journey into Footlocks,my-journey-into-footlocks,blog,Articles,/blogs/blog/my-journey-into-footlocks,true,2021-02-08T08:27:43Z,2021-01-30T09:24:11Z,2023-12-11T09:28:59Z,JJB Admin,true,120,html,5381,6015,true,https://cdn.shopify.com/s/files/1/0363/5125/articles/My_Journey_into_Footlocks.png?v=1611998652,,,This article takes you on renowned half guard player Oli Geddes' exploration of and journey with footlocks in Jiu-Jitsu.,belts|rashguards|spats,2,no,0,1,0,0,,A,,yes,MIGRATE,no,
article,article,gid://shopify/Article/405426831420,The Single-Leg Takedown: A Conceptual Approach,the-single-leg-takedown-a-conceptual-approach,blog,Articles,/blogs/blog/the-single-leg-takedown-a-conceptual-approach,true,2018-08-19T23:00:00Z,2020-01-04T02:38:35Z,2023-12-11T09:31:28Z,JJB Admin,true,176,html,7927,8813,true,https://cdn.shopify.com/s/files/1/0363/5125/articles/Single_Legs.png?v=1579453806,,,The single-leg is a versatile takedown can be used in both BJJ and submission grappling. These are the principals which make it so effective.,belts|patches|rashguards,0,no,0,1,2,1,https://store.jiujitsubrotherhood.com/products/beyond-technique,A,,yes,MIGRATE,no,
article,article,gid://shopify/Article/555456167996,"The Neck, Grappling Arts and Tech Devices",the-neck-grappling-arts-and-tech-devices,blog,Articles,/blogs/blog/the-neck-grappling-arts-and-tech-devices,true,2021-04-05T06:00:00Z,2021-03-15T08:48:55Z,2023-12-11T09:39:11Z,JJB Admin,true,146,html,6682,9576,true,https://cdn.shopify.com/s/files/1/0363/5125/articles/GLP_FHP.png?v=1615800167,,,"This article offers insights into the importance of understanding neck anatomy, the role of technology, and their combined impact on our training.",belts|patches|rashguards,8,no,0,1,1,0,,B,div-heavy,yes,MIGRATE,no,
article,article,gid://shopify/Article/555612733500,The Mauricio Gomes Chronicles - Part 1,the-mauricio-gomes-chronicles-part-1,blog,Articles,/blogs/blog/the-mauricio-gomes-chronicles-part-1,true,2021-05-09T08:48:56Z,2021-05-05T09:00:07Z,2023-12-11T09:40:07Z,JJB Admin,true,125,html,240,563,true,https://cdn.shopify.com/s/files/1/0363/5125/articles/MG_Chronicles_1.png?v=1620205207,,,"In this fascinating and heartfelt interview, Roger Gracie's father, Mauricio Gomes, discusses his early years on the mats, from when he started training with his father as a small child, and answers questions on the philosophy of jiu jitsu.",belts|Gis|spats,0,yes,1,0,0,0,,C,embed,yes,MIGRATE,no,
article,article,gid://shopify/Article/555612799036,The Mauricio Gomes Chronicles - Part 2,the-mauricio-gomes-chronicles-part-2,blog,Articles,/blogs/blog/the-mauricio-gomes-chronicles-part-2,true,2021-05-16T08:49:24Z,2021-05-05T09:04:27Z,2023-12-11T09:40:18Z,JJB Admin,true,127,html,198,521,true,https://cdn.shopify.com/s/files/1/0363/5125/articles/MG_Chronicles_2.png?v=1620205467,,,"In the second instalment of his interview series, Mauricio Gomes discusses what happened to him in the years following the death of his mentor and friend Rolls Gracie and the birth of his son Roger.",belts|Gis|patches,0,yes,1,0,0,0,,C,embed,yes,MIGRATE,no,
article,article,gid://shopify/Article/555612831804,The Mauricio Gomes Chronicles - Part 3,the-mauricio-gomes-chronicles-part-3,blog,Articles,/blogs/blog/the-mauricio-gomes-chronicles-part-3,true,2021-05-24T07:03:36Z,2021-05-05T09:09:43Z,2023-12-11T09:41:40Z,JJB Admin,true,100,html,259,641,true,https://cdn.shopify.com/s/files/1/0363/5125/articles/MG_Chronicles_3.png?v=1620205784,,,"In the third and final instalment of his interview series, Mauricio Gomes discusses opening his first gym in the United Kingdom, Roger's incredible competition career, his own personal teaching style, the growth and changing nature of jiu jitsu and much more!",belts|Gis|patches,0,yes,1,0,0,0,,C,embed,yes,MIGRATE,no,
article,article,gid://shopify/Article/555437391932,Physical Health and Fitness Benefits Of Brazilian Jiu-Jitsu,physical-health-and-fitness-benefits-of-brazilian-jiu-jitsu,blog,Articles,/blogs/blog/physical-health-and-fitness-benefits-of-brazilian-jiu-jitsu,true,2021-03-15T07:59:02Z,2021-03-06T08:58:37Z,2023-12-11T09:42:43Z,JJB Admin,true,166,html,8101,9275,true,https://cdn.shopify.com/s/files/1/0363/5125/articles/Health_and_Fitness_Benefits.png?v=1615021827,,,"Brazilian Jiu-Jitsu is not only a sport, a martial art, but it is also a lifestyle with the ability to transform the mind and body.",Gis|rashguards,0,yes,0,0,8,0,,C,embed,yes,MIGRATE,no,
article,article,gid://shopify/Article/555842961468,Gripping and Hand Issues in Jiu Jitsu,gripping-and-hand-issues-in-jiu-jitsu,blog,Articles,/blogs/blog/gripping-and-hand-issues-in-jiu-jitsu,true,2021-08-02T06:51:48Z,2021-07-12T08:07:27Z,2023-12-11T09:44:49Z,JJB Admin,true,116,html,2943,3272,true,https://cdn.shopify.com/s/files/1/0363/5125/articles/Gripping_Hand_Issues.png?v=1626077248,,,"This article offers insights into maintaining the health of our hands, a crucial foundation for effective grappling.",belts|Gis|spats,1,no,0,0,1,0,,A,,yes,MIGRATE,no,
article,article,gid://shopify/Article/555612864572,"Rolls, Rickson, Renzo or Roger Gracie - Who Was the Best?",rolls-rickson-renzo-or-roger-gracie-who-was-the-best,blog,Articles,/blogs/blog/rolls-rickson-renzo-or-roger-gracie-who-was-the-best,true,2021-09-30T07:06:36Z,2021-05-05T09:18:40Z,2023-12-11T09:52:41Z,JJB Admin,true,60,html,119,524,true,https://cdn.shopify.com/s/files/1/0363/5125/articles/Who_is_the_GOAT.png?v=1620206321,,,"Roger Gracie's father, Mauricio Gomes, answers the question.",Gis|rashguards,0,yes,1,0,1,0,,C,embed,yes,MIGRATE,no,
article,article,gid://shopify/Article/458740072508,The Story of Rolls Gracie and Bob Anderson,the-story-of-rolls-gracie-and-bob-anderson,blog,Articles,/blogs/blog/the-story-of-rolls-gracie-and-bob-anderson,true,2020-05-18T07:29:00Z,2020-05-17T13:45:51Z,2023-12-11T09:53:02Z,JJB Admin,true,209,html,176,552,true,https://cdn.shopify.com/s/files/1/0363/5125/articles/Rolls_v_Bob_Anderson.jpg?v=1589723151,,,"The American wrestler and coach, Bob Anderson, tells the story of how he met and trained with Rolls Gracie, in 1978.",Gis|rashguards,0,yes,1,0,0,0,,C,embed,yes,MIGRATE,no,
article,article,gid://shopify/Article/556170739772,Return of the Long Lost Gracie Gold Medal,return-of-the-long-lost-gracie-gold-medal,blog,Articles,/blogs/blog/return-of-the-long-lost-gracie-gold-medal,true,2021-11-08T07:53:34Z,2021-11-07T08:37:23Z,2023-12-11T09:53:41Z,JJB Admin,true,137,html,257,672,true,https://cdn.shopify.com/s/files/1/0363/5125/articles/BLOG_POST_IMAGE_TEMPLATE_31dd6727-4d4a-4eb4-ad2e-1308c36d2804.png?v=1636274243,,,Bob Anderson returns a Pan American Gold medal to the Gracie Family after 40 years of holding onto it.,Gis|rashguards,0,yes,1,1,0,0,,C,embed,yes,MIGRATE,no,
article,article,gid://shopify/Article/556366692412,Roger Gracie's Father Sparring Aged 64,roger-gracies-father-sparring-aged-64,blog,Articles,/blogs/blog/roger-gracies-father-sparring-aged-64,true,2022-01-20T14:28:12Z,2022-01-20T14:27:46Z,2023-12-11T09:57:02Z,JJB Admin,true,144,html,202,531,true,https://cdn.shopify.com/s/files/1/0363/5125/articles/Roger_Gracie_s_Father_Sparring.png?v=1642688866,,,"This great clip shows Roger Gracie's father, coral belt Mauricio Gomes, sparring with one of his students at the Roger Gracie Academy in London.",Gis|rashguards,0,yes,1,0,1,0,,C,embed,yes,MIGRATE,no,
article,article,gid://shopify/Article/405425455164,Family Jiu-Jitsu,family-jiu-jitsu,blog,Articles,/blogs/blog/family-jiu-jitsu,true,2016-07-14T23:00:00Z,2020-01-04T02:37:23Z,2023-12-11T09:57:20Z,JJB Admin,true,149,html,3406,3646,true,https://cdn.shopify.com/s/files/1/0363/5125/articles/Family_BJJ.png?v=1579619280,,Training BJJ Classes with the Whole Family,A mother of three describes her own jiu jitsu journey and how training with her young children has improved their relationship.,Gis|rashguards,0,no,0,0,1,0,,A,,yes,MIGRATE,no,
article,article,gid://shopify/Article/555868192828,Hélio Gracie's Big Concern,helio-gracies-big-concern,blog,Articles,/blogs/blog/helio-gracies-big-concern,true,2021-08-09T06:32:24Z,2021-07-21T09:43:18Z,2023-12-11T09:58:03Z,JJB Admin,true,125,html,14575,15171,true,https://cdn.shopify.com/s/files/1/0363/5125/articles/Copy_of_BLOG_POST_IMAGE_TEMPLATE.png?v=1626860599,,,This excerpt from Richard Bresler's memoir delves into a particular concern that shaped Helio Gracie's approach to Jiu-Jitsu.,belts|Gis|patches|spats,0,no,0,0,2,0,,A,,yes,MIGRATE,no,
technique,technique,gid://shopify/Article/556721700924,Old-School Self-Defence with Mauricio Gomes,old-school-self-defence-with-mauricio-gomes,techniques,Techniques,/blogs/techniques/old-school-self-defence-with-mauricio-gomes,true,2022-05-02T08:18:34Z,2022-05-02T08:13:56Z,2023-12-11T11:19:52Z,JJB Admin,true,192,html,690,1916,true,https://cdn.shopify.com/s/files/1/0363/5125/articles/Old_School_Self_Defence.png?v=1651479236,,,"In this series of four videos, jiu jitsu legend Mauricio Gomes teaches four very simple self-defence techniques that all jiu jitsu practitioners should know.",Gis|rashguards,0,yes,4,0,1,0,,C,embed;product-like-tags,yes,MIGRATE,no,Tags look like Shopify product collection tags; strip on import
article,article,gid://shopify/Article/556971262012,6 Tips For Older Jiu Jitsu Players,6-tips-for-older-jiu-jitsu-players,blog,Articles,/blogs/blog/6-tips-for-older-jiu-jitsu-players,true,2022-08-07T06:45:47Z,2022-07-20T19:08:06Z,2023-12-11T11:23:20Z,JJB Admin,true,334,html,2730,3669,true,https://cdn.shopify.com/s/files/1/0363/5125/articles/6_Tips_Older_Jiu_Jitsu_Player.png?v=1658419031,,,"This article provides practical insights and strategies tailored to enhance the experience and longevity of those who have been on the mats for a bit longer. Whether you're an experienced practitioner or just starting your Jiu-Jitsu adventure, this read offers valuable wisdom.",belts|patches|spats,3,no,0,0,1,0,,A,,yes,MIGRATE,no,
article,article,gid://shopify/Article/556513329212,Passivity as a Tool for Self Defence,passivity-as-a-tool-for-self-defence,blog,Articles,/blogs/blog/passivity-as-a-tool-for-self-defence,true,2022-03-09T09:29:46Z,2022-03-09T09:29:46Z,2023-12-11T11:25:01Z,JJB Admin,true,189,html,8751,9788,true,https://cdn.shopify.com/s/files/1/0363/5125/articles/Passivity.png?v=1646818187,,,"This article challenges traditional notions and explores the potential benefits of adopting a passive stance in certain situations. Whether you're a seasoned self-defense enthusiast or someone curious about alternative approaches, this read offers thought-provoking insights.",belts|rashguards|spats,0,yes,1,0,0,0,,C,embed,yes,MIGRATE,no,
article,article,gid://shopify/Article/405425750076,Jiu Jitsu - Better than Dieting,jiu-jitsu-better-dieting,blog,Articles,/blogs/blog/jiu-jitsu-better-dieting,true,2017-02-09T00:00:00Z,2020-01-04T02:37:36Z,2023-12-11T11:25:49Z,JJB Admin,true,136,html,4594,4938,true,https://cdn.shopify.com/s/files/1/0363/5125/articles/Better_than_Dieting.png?v=1579536254,,Jiu Jitsu - Better than Dieting,How an exhausted and overworked mother of three used regular jiu jitsu classes to reclaim her health.,belts|patches|spats,1,no,0,0,1,0,,A,,yes,MIGRATE,no,
article,past_event,gid://shopify/Article/557236650044,Summer Seaside Special,summer-seaside-special,blog,Articles,/blogs/blog/summer-seaside-special,true,2022-10-17T09:12:47Z,2022-10-17T09:12:47Z,2023-12-11T11:27:01Z,JJB Admin,true,527,html,395,1422,true,https://cdn.shopify.com/s/files/1/0363/5125/articles/Summer_Seaside_Special.png?v=1665997968,,,"On August 20th 2022, the Jiu Jitsu Brotherhood Club Network had its inaugural super seminar. There were five hours of teaching by five different black belts, followed by an open mat, and it was a very special day.",belts|Gis|rashguards,1,yes,1,3,1,0,,E,embed;duplicate-page-and-article,yes,MIGRATE_AS_PAST_EVENT,no,Approved Phase 2D: single past_event record. Canonical URL = this article (post-event recap + YouTube). Duplicate page 301 → this URL.
article,past_event,gid://shopify/Article/606529290522,Spring Super Seminar,spring-super-seminar,blog,Articles,/blogs/blog/spring-super-seminar,true,2023-11-27T09:49:18Z,2023-11-27T09:46:03Z,2023-12-11T11:27:19Z,JJB Admin,true,83,html,357,1543,true,https://cdn.shopify.com/s/files/1/0363/5125/articles/Spring_Super_Seminar_YouTube.png?v=1701078364,,,"On April 30th 2023, the Jiu Jitsu Brotherhood club network held its second super seminar. There were four hours of teaching by four different black belts, followed by an open mat, and it was another very special day!",belts|Gis|patches|rashguards,1,yes,1,5,0,1,www.kingstonjiujitsu.com,E,embed;duplicate-page-and-article,yes,MIGRATE_AS_PAST_EVENT,no,Approved Phase 2D: single past_event record. Canonical URL = this article (post-event recap + YouTube). Duplicate page 301 → this URL.
technique,technique,gid://shopify/Article/557196902460,Bear Hug Defence 1,bear-hug-defence-1,techniques,Techniques,/blogs/techniques/bear-hug-defence-1,true,2022-10-17T10:00:00Z,2022-10-02T08:29:28Z,2023-12-11T11:31:49Z,JJB Admin,true,181,html,146,515,true,https://cdn.shopify.com/s/files/1/0363/5125/articles/Mauricio_Bear_Hug_1.png?v=1664699369,,,"In this video, the legendary coral belt Mauricio Gomes teaches a counter to a front bear hug when your opponent has his grip underneath your arms.",belts|Gis|patches,0,yes,1,0,0,0,,C,embed;product-like-tags,yes,MIGRATE,no,Tags look like Shopify product collection tags; strip on import
technique,technique,gid://shopify/Article/557196935228,Bear Hug Defence 2,bear-hug-defence-2,techniques,Techniques,/blogs/techniques/bear-hug-defence-2,true,2022-10-24T10:00:00Z,2022-10-02T08:35:32Z,2023-12-11T11:32:12Z,JJB Admin,true,220,html,163,545,true,https://cdn.shopify.com/s/files/1/0363/5125/articles/Mauricio_Bear_Hug_2.png?v=1664699733,,,"In this video, the legendary coral belt Mauricio Gomes teaches another counter to a front bear hug. This time your opponent has his grip over the top of your arms.",belts|patches|rashguards,0,yes,1,0,0,0,,C,embed;product-like-tags,yes,MIGRATE,no,Tags look like Shopify product collection tags; strip on import
technique,technique,gid://shopify/Article/557196967996,Bear Hug Defence 3,bear-hug-defence-3,techniques,Techniques,/blogs/techniques/bear-hug-defence-3,true,2022-10-31T11:00:00Z,2022-10-02T08:39:43Z,2023-12-11T11:32:36Z,JJB Admin,true,309,html,245,587,true,https://cdn.shopify.com/s/files/1/0363/5125/articles/Mauricio_Bear_Hug_3.png?v=1664699984,,,The legendary Mauricio Gomes teaches another self defence technique against a bear hug. This time your opponent is attacking from behind and has double underhooks. This defence ends up with either a nice knee bar attack or control from top side.,belts|patches|rashguards,0,yes,1,0,0,0,,C,embed;product-like-tags,yes,MIGRATE,no,Tags look like Shopify product collection tags; strip on import
technique,technique,gid://shopify/Article/557197000764,Bear Hug Defence 4,bear-hug-defence-4,techniques,Techniques,/blogs/techniques/bear-hug-defence-4,true,2022-11-07T11:00:00Z,2022-10-02T08:43:45Z,2023-12-11T11:34:02Z,JJB Admin,true,254,html,219,548,true,https://cdn.shopify.com/s/files/1/0363/5125/articles/Mauricio_Bear_Hug_4.png?v=1664700226,,,"In this video, the legendary coral belt Mauricio Gomes teaches another self-defence technique against a bear hug. This time your opponent is again attacking from behind, but this time his arms are over the top of yours.",Gis|rashguards,0,yes,1,0,0,0,,C,embed;product-like-tags,yes,MIGRATE,no,Tags look like Shopify product collection tags; strip on import
technique,technique,gid://shopify/Article/557197033532,Bear Hug Defence 5,bear-hug-defence-5,techniques,Techniques,/blogs/techniques/bear-hug-defence-5,true,2022-11-14T11:00:00Z,2022-10-02T08:47:47Z,2023-12-11T11:34:21Z,JJB Admin,true,185,html,150,492,true,https://cdn.shopify.com/s/files/1/0363/5125/articles/Mauricio_Bear_Hug_5.png?v=1664700467,,,"In this video, the legendary coral belt Mauricio Gomes teaches us how to break the grip and escape when an opponent has you in a strong rear bear hug.",Gis|rashguards,0,yes,1,0,0,0,,C,embed;product-like-tags,yes,MIGRATE,no,Tags look like Shopify product collection tags; strip on import
technique,technique,gid://shopify/Article/604431876378,The Leg Weave Pass,the-leg-weave-pass,techniques,Techniques,/blogs/techniques/the-leg-weave-pass,true,2022-12-02T09:21:34Z,2022-11-23T15:35:40Z,2023-12-11T11:34:41Z,JJB Admin,true,436,html,282,911,true,https://cdn.shopify.com/s/files/1/0363/5125/articles/Leg_Weave_Pass.png?v=1669217741,,,"In this video, 3rd-degree black belt Miad Najafi gives a comprehensive tutorial on his take on the leg weave pass.",belts|patches|spats,0,yes,1,2,1,0,,C,embed;product-like-tags,yes,MIGRATE,no,Tags look like Shopify product collection tags; strip on import
article,article,gid://shopify/Article/604455174426,LAW Strength Training,law-strength-training,blog,Articles,/blogs/blog/law-strength-training,true,2022-12-10T15:31:44Z,2022-12-05T09:10:23Z,2023-12-11T11:35:19Z,JJB Admin,true,69,html,6986,7598,true,https://cdn.shopify.com/s/files/1/0363/5125/articles/LAW_Strength_Training.png?v=1670231552,,,MMA legend Leigh Remedios discusses his LAW strength training regime.,belts|patches|spats,1,no,0,0,1,0,,A,,yes,MIGRATE,no,
article,article,gid://shopify/Article/556189155388,The Art of Verbal Jiu Jitsu,the-art-of-verbal-jiu-jitsu,blog,Articles,/blogs/blog/the-art-of-verbal-jiu-jitsu,true,2021-11-14T09:05:23Z,2021-11-13T15:35:52Z,2023-12-11T11:36:32Z,JJB Admin,true,207,html,5039,6133,true,https://cdn.shopify.com/s/files/1/0363/5125/articles/Verbal_Jiu_JItsu.png?v=1636817753,,,This article explores how mastering verbal skills can be a powerful tool in enhancing our ability to navigate and de-escalate challenging situations.,belts|Gis|rashguards,0,yes,2,0,2,0,,C,embed,yes,MIGRATE,no,
article,article,gid://shopify/Article/556805423164,The Doctor Who Quit Medicine to Teach Jiu Jitsu,the-doctor-who-quit-medicine-to-teach-jiu-jitsu,blog,Articles,/blogs/blog/the-doctor-who-quit-medicine-to-teach-jiu-jitsu,true,2022-05-30T06:49:41Z,2022-05-26T07:51:53Z,2023-12-11T11:37:01Z,JJB Admin,true,317,html,475,1148,true,https://cdn.shopify.com/s/files/1/0363/5125/articles/Doctor_Quit_Medicine.png?v=1653551514,,,"Dr Marc Barton is now a 2nd-degree black belt under Mauricio Gomes and the head instructor at Kingston Jiu Jitsu. But before he started teaching jiu jitsu, he worked at the very messy end of medicine, putting patients back together in the emergency department.",belts|Gis|rashguards,0,yes,1,0,2,0,,C,embed,yes,MIGRATE,no,
article,article,gid://shopify/Article/556580601916,Do You Know Who Invented These BJJ Techniques?,do-you-know-who-invented-these-bjj-techniques,blog,Articles,/blogs/blog/do-you-know-who-invented-these-bjj-techniques,true,2022-03-24T11:27:09Z,2022-03-24T11:22:17Z,2023-12-11T11:37:39Z,JJB Admin,true,169,html,9197,13403,true,https://cdn.shopify.com/s/files/1/0363/5125/articles/Who_Invented_These_Techniques.png?v=1648120937,,,"The article takes us on a historical journey, exploring the innovators behind the techniques we practice today.",belts|rashguards|spats,4,yes,4,0,2,0,,C,embed,yes,MIGRATE,no,
article,article,gid://shopify/Article/405426339900,Rickson Gracie: Jiu Jitsu's Living Legend,rickson-gracie-jiu-jitsus-living-legend,blog,Articles,/blogs/blog/rickson-gracie-jiu-jitsus-living-legend,true,2017-11-20T00:00:00Z,2020-01-04T02:38:07Z,2023-12-11T11:38:22Z,JJB Admin,true,163,html,19380,23044,true,https://cdn.shopify.com/s/files/1/0363/5125/articles/Legend_Rickson.png?v=1579519228,,Rickson Gracie - Jiu Jitsu's Living Legend | Jiu Jitsu Brotherhood,There is no more recognisable icon in jiu jitsu than Rickson Gracie. We examine his life to discover how the legend was created.,Gis|rashguards,3,no,0,0,0,0,,B,div-heavy,yes,MIGRATE,no,
article,article,gid://shopify/Article/405425913916,10 000 Hours is Just the Start,10-000-hours-just-start,blog,Articles,/blogs/blog/10-000-hours-just-start,true,2017-05-16T23:00:00Z,2020-01-04T02:37:45Z,2023-12-11T11:38:50Z,JJB Admin,true,131,html,11480,11800,true,https://cdn.shopify.com/s/files/1/0363/5125/articles/10_000_hours.png?v=1579529747,,10 000 Hours is Just the Start | Jiu Jitsu Brotherhood,Few people understand what it really takes to make a career in jiu jitsu and mixed martial arts.,belts|patches|rashguards,0,no,0,0,1,0,,A,,yes,MIGRATE,no,
article,article,gid://shopify/Article/405426569276,How to Takedown like a World-Class Wrestler,wrestling-takedowns,blog,Articles,/blogs/blog/wrestling-takedowns,true,2018-03-19T00:00:00Z,2020-01-04T02:38:22Z,2023-12-11T11:39:14Z,JJB Admin,true,130,html,7009,9976,true,https://cdn.shopify.com/s/files/1/0363/5125/articles/Takedown_Like_a_Wrestler.png?v=1579514354,,How to Takedown like a World-Class Wrestler | Jiu Jitsu Brotherhood,The secrets of world class wrestlers and how you can incorporate them into your jiu jitsu game.,belts|patches|spats,0,yes,5,6,1,6,http://www.jiujitsubrotherhood.com/wp-content/uploads/wrestling-takedowns-for-jiu-jitsu-bjj.jpg,C,embed,yes,MIGRATE,no,
article,article,gid://shopify/Article/405427060796,The Top 7 Shoulder Conditions Affecting Grapplers,the-top-7-shoulder-conditions-effecting-grapplers,blog,Articles,/blogs/blog/the-top-7-shoulder-conditions-effecting-grapplers,true,2020-08-31T07:10:00Z,2020-01-04T02:38:46Z,2023-12-11T11:39:47Z,JJB Admin,true,153,html,8241,9407,true,https://cdn.shopify.com/s/files/1/0363/5125/articles/Shoulder_Injuries.png?v=1598778259,,,Osteopath and Black Belt Miad Najafi explains the common shoulder injuries in BJJ and grappling and how to treat them.,belts|Gis|patches,3,no,0,0,1,0,,A,,yes,MIGRATE,no,
article,article,gid://shopify/Article/405425553468,Types of Grappling Martial Arts,grappling-martial-arts,blog,Articles,/blogs/blog/grappling-martial-arts,true,2020-01-21T14:43:00Z,2020-01-04T02:37:31Z,2023-12-11T11:41:14Z,JJB Admin,true,150,html,6970,7409,true,https://cdn.shopify.com/s/files/1/0363/5125/articles/Types_of_grappling_art.png?v=1579617680,,Grappling - The Most Popular Styles Explained,"Grappling systems are those Combat Sports that focus on throws, takedowns, submissions and ground-fighting. The most popular forms are explained here.",Gis|rashguards,0,no,0,1,1,0,,A,,yes,MIGRATE,no,
article,article,gid://shopify/Article/557218267196,Jiu Jitsu Vs. Karate,jiu-jitsu-vs-karate,blog,Articles,/blogs/blog/jiu-jitsu-vs-karate,true,2022-10-10T08:29:28Z,2022-10-10T08:29:09Z,2023-12-11T11:41:30Z,JJB Admin,true,228,html,325,664,true,https://cdn.shopify.com/s/files/1/0363/5125/articles/Jiu_Jitsu_vs_Karate.png?v=1665390549,,,"This incredible archive footage shows footage of some fights that occurred in Brazil in 1975. The fights were between students from a Karate academy against Gracie Jiu Jitsu representatives, including the legendary Rolls Gracie!",Gis|patches,0,yes,1,0,0,0,,C,embed,yes,MIGRATE,no,
technique,technique,gid://shopify/Article/604471001370,Free Lasso Sweep,free-lasso-sweep,techniques,Techniques,/blogs/techniques/free-lasso-sweep,true,2022-12-18T16:01:59Z,2022-12-12T08:58:23Z,2023-12-11T11:41:46Z,JJB Admin,true,291,html,385,948,true,https://cdn.shopify.com/s/files/1/0363/5125/articles/Free_Lasso_Sweep.png?v=1670835503,,,"In this video, jiu jitsu black belt Cole Porter teaches us the free lasso sweep from the knee shield position. Cole gives some great tips on using frames and body structure from the position, which is very helpful for smaller players.",Gis|rashguards,0,yes,1,1,1,0,,C,embed;product-like-tags,yes,MIGRATE,no,Tags look like Shopify product collection tags; strip on import
technique,technique,gid://shopify/Article/604536406298,Butterfly Guard Passing Tips,butterfly-guard-passing-tips,techniques,Techniques,/blogs/techniques/butterfly-guard-passing-tips,true,2023-01-03T10:37:27Z,2023-01-03T10:35:38Z,2023-12-11T11:42:08Z,JJB Admin,true,162,html,339,849,true,https://cdn.shopify.com/s/files/1/0363/5125/articles/Butterfly_Guard_Passing_Tips.png?v=1672742138,,,"In this video, jiu jitsu black belt Cole Porter teaches us some concepts and tips to help control and pass the butterfly guard.",Gis|patches|rashguards,0,yes,1,1,1,0,,C,embed;product-like-tags,yes,MIGRATE,no,Tags look like Shopify product collection tags; strip on import
article,article,gid://shopify/Article/604431909146,Caffeine & Jiu-Jitsu,caffeine-jiu-jitsu,blog,Articles,/blogs/blog/caffeine-jiu-jitsu,true,2022-12-27T09:43:45Z,2022-11-23T15:50:43Z,2023-12-11T11:43:16Z,JJB Admin,true,210,html,6242,6848,true,https://cdn.shopify.com/s/files/1/0363/5125/articles/Caffeine_Jiu_Jitsu.png?v=1669220020,,,"The article, written by a jiu jitsu black belt and medical doctor, dives into the potential benefits of caffeine for practitioners of our beloved sport.",Gis|patches|rashguards,0,no,0,0,3,0,,A,,yes,MIGRATE,no,
article,article,gid://shopify/Article/604734685466,The Tokugawa Gi Story,the-tokugawa-gi-story,blog,Articles,/blogs/blog/the-tokugawa-gi-story,true,2023-02-06T11:00:00Z,2023-02-13T10:33:35Z,2023-12-11T11:44:59Z,JJB Admin,true,273,html,440,1051,true,https://cdn.shopify.com/s/files/1/0363/5125/articles/The_Tokugawa_Gi_Story_6dd97324-2211-41b4-bd86-40c672fb481a.png?v=1676284416,,,"To commemorate the launch of our new limited-edition gi, the Tokugawa Gi, we have released a short video outlining the backstory of the stunning image sublimated on the gi lining.",belts|Gis|rashguards,0,yes,1,1,0,0,,C,embed,yes,MIGRATE,no,
technique,technique,gid://shopify/Article/604666298650,Gripping Strategies for BJJ,gripping-strategies-for-bjj,techniques,Techniques,/blogs/techniques/gripping-strategies-for-bjj,true,2023-01-31T09:40:08Z,2023-01-31T09:40:08Z,2023-12-11T11:45:15Z,JJB Admin,true,396,html,832,1396,true,https://cdn.shopify.com/s/files/1/0363/5125/articles/Gripping_Strategies_BJJ.png?v=1675158009,,,"Join black belt Belt Leigh Remedios as he shares his expert knowledge on gripping strategies for stand up in BJJ. In this in-depth video, Leigh will break down the key techniques and tips for maximising your grip game on the mat.",Gis|rashguards,0,yes,1,1,1,0,,C,embed;product-like-tags,yes,MIGRATE,no,Tags look like Shopify product collection tags; strip on import
article,article,gid://shopify/Article/604555870490,How to Drop Body Fat,how-to-drop-body-fat,blog,Articles,/blogs/blog/how-to-drop-body-fat,true,2023-02-21T09:46:47Z,2023-01-08T11:16:50Z,2023-12-11T11:45:40Z,JJB Admin,true,349,html,6264,6755,true,https://cdn.shopify.com/s/files/1/0363/5125/articles/How_to_Drop_Body_Fat.png?v=1673176610,,,"The article provides practical insights and strategies tailored for those engaged in the dynamic world of Jiu-Jitsu that want to drop body fat. Whether you're looking to fine-tune your physique, cut weight for a comp, or simply adopt a healthier lifestyle, this read offers valuable guidance.",Gis|patches|rashguards,0,no,0,0,1,0,,A,,yes,MIGRATE,no,
article,article,gid://shopify/Article/405423095868,Top Ten Tips for Jiu Jitsu Beginners,important-tips-for-beginners,blog,Articles,/blogs/blog/important-tips-for-beginners,true,2023-03-14T08:14:45Z,2020-01-04T02:35:30Z,2023-12-11T11:47:22Z,JJB Admin,true,120,html,3010,3668,true,https://cdn.shopify.com/s/files/1/0363/5125/articles/Important_Tips_for_Beginners.png?v=1669198297,jiu jitsu beginners,,Here are our ten tips to help jiu jitsu beginners get the most out of their training!,Gis|rashguards,0,no,0,0,0,0,,A,,yes,MIGRATE,no,
technique,technique,gid://shopify/Article/604740550938,The Tornado Throw,the-tornado-throw,techniques,Techniques,/blogs/techniques/the-tornado-throw,true,2023-02-15T09:57:26Z,2023-02-15T09:38:24Z,2023-12-11T11:47:44Z,JJB Admin,true,339,html,1224,1850,true,https://cdn.shopify.com/s/files/1/0363/5125/articles/The_Tornado_Throw.png?v=1676453905,,,"The video by MMA legend and jiu jitsu black belt Leigh Remedios, introduces and explores the Tornado Throw. Whether you're a seasoned practitioner or someone eager to expand your technical repertoire, it provides valuable insights and inspiration.",Gis|rashguards,0,yes,1,1,1,0,,C,embed;product-like-tags,yes,MIGRATE,no,Tags look like Shopify product collection tags; strip on import
technique,technique,gid://shopify/Article/604829614362,Sumi Gaeshi (Corner Reversal),sumi-gaeshi-corner-reversal,techniques,Techniques,/blogs/techniques/sumi-gaeshi-corner-reversal,true,2023-03-02T09:39:08Z,2023-03-02T09:39:03Z,2023-12-11T11:48:07Z,JJB Admin,true,172,html,1322,1960,true,https://cdn.shopify.com/s/files/1/0363/5125/articles/Sumi_Gaeshi.png?v=1677749943,,,"The video by MMA legend and jiu jitsu black belt Leigh Remedios, introduces and explores the Sumi Gaeshi takedown.",Gis|rashguards,0,yes,1,1,1,0,,C,embed;product-like-tags,yes,MIGRATE,no,Tags look like Shopify product collection tags; strip on import
technique,technique,gid://shopify/Article/604911206682,Yoko Tomoe Nage,yoko-tomoe-nage,techniques,Techniques,/blogs/techniques/yoko-tomoe-nage,true,2023-03-21T11:56:39Z,2023-03-21T11:45:56Z,2023-12-11T11:48:47Z,JJB Admin,true,312,html,1250,1897,true,https://cdn.shopify.com/s/files/1/0363/5125/articles/Yoko_Tomoe_Nage.png?v=1679399156,,,"The video by MMA legend and jiu jitsu black belt Leigh Remedios, introduces and explores the Yoko Tomoe Nage throw. Whether you're a seasoned practitioner or someone eager to expand your technical repertoire, it provides valuable insights and inspiration.",belts|rashguards|spats,0,yes,1,1,1,0,,C,embed;product-like-tags,yes,MIGRATE,no,Tags look like Shopify product collection tags; strip on import
article,article,gid://shopify/Article/604431319322,Mauricio's Advice When You Are Currently Unable to Train,mauricios-advice-when-you-are-currently-unable-to-train,blog,Articles,/blogs/blog/mauricios-advice-when-you-are-currently-unable-to-train,true,2023-04-05T07:26:51Z,2022-11-23T10:24:44Z,2023-12-11T11:49:04Z,JJB Admin,true,625,html,317,765,true,https://cdn.shopify.com/s/files/1/0363/5125/articles/Mauricio_s_Advice_if_You_Cant_Train.png?v=1669199085,,,"In this video, the legendary Mauricio Gomes gives some advice on what to do when you cannot train because you are injured. Mauricio belongs to the elite group of black belts given the rank by the late Rolls Gracie, and he is also the father and coach of Roger Gracie, the most accomplished grappler of his generation.",belts|Gis|rashguards,0,yes,1,0,1,0,,C,embed,yes,MIGRATE,no,
article,article,gid://shopify/Article/604612624666,First It’s an Art,first-it-s-an-art,blog,Articles,/blogs/blog/first-it-s-an-art,true,2023-04-30T08:43:17Z,2023-01-16T14:58:58Z,2023-12-11T14:26:30Z,JJB Admin,true,199,html,4691,5878,true,https://cdn.shopify.com/s/files/1/0363/5125/articles/First_Its_an_Art.png?v=1683277940,,,"The article beautifully delves into the artistic and creative dimensions of Jiu-Jitsu. It explores how our practice goes beyond mere technique, becoming a form of self-expression and personal growth.",Gis|patches|rashguards,2,no,0,0,3,0,,A,,yes,MIGRATE,no,
article,article,gid://shopify/Article/605339910426,Vintage Newaza Footage from 1949,vintage-newaza-footage-from-1949,blog,Articles,/blogs/blog/vintage-newaza-footage-from-1949,true,2023-05-09T09:38:24Z,2023-05-09T09:38:08Z,2023-12-11T14:26:59Z,JJB Admin,true,240,html,441,820,true,https://cdn.shopify.com/s/files/1/0363/5125/articles/Vintage_Newaza_Footage_from_1949.png?v=1683625089,,,This video features some incredible vintage Judo newaza footage from 1949 featuring Gunji Koizumi. Gunji Koizumi was the Japanese Judoka who introduced this martial art to the United Kingdom and became known as the 'Father of British Judo.',belts|Gis|rashguards,0,yes,1,0,0,0,,C,embed,yes,MIGRATE,no,
article,article,gid://shopify/Article/556734119996,Rib Injuries in Jiu Jitsu,rib-injuries-in-jiu-jitsu,blog,Articles,/blogs/blog/rib-injuries-in-jiu-jitsu,true,2022-05-09T07:49:17Z,2022-05-05T08:49:12Z,2023-12-11T14:28:05Z,JJB Admin,true,315,html,6309,6754,true,https://cdn.shopify.com/s/files/1/0363/5125/articles/Rib_Injuries_in_Jiu_Jitsu.png?v=1651740552,,,"The article, titled ""Rib Injuries in Jiu-Jitsu,"" delves into the causes, symptoms, and strategies for dealing with rib injuries in our beloved sport. Whether you've personally experienced rib injuries or want to be better prepared to prevent and address them, this read offers valuable insights.",patches|rashguards|spats,0,no,0,0,2,0,,A,,yes,MIGRATE,no,
article,article,gid://shopify/Article/557029097532,Cauliflower Ears in Jiu Jitsu,cauliflower-ears-in-jiu-jitsu,blog,Articles,/blogs/blog/cauliflower-ears-in-jiu-jitsu,true,2022-08-14T07:23:37Z,2022-08-14T07:17:29Z,2023-12-11T14:28:27Z,JJB Admin,true,281,html,5904,7371,true,https://cdn.shopify.com/s/files/1/0363/5125/articles/BLOG_POST_IMAGE_TEMPLATE_dc83a5b1-2652-40d9-b66b-6fb1c4b664ce.png?v=1660461807,,,"The article explores the causes, effects, and potential preventive measures for this common condition among grapplers. It provides valuable insights that may interest both seasoned practitioners and those newer to the sport.",belts|patches|spats,1,yes,2,0,5,0,,C,embed,yes,MIGRATE,no,
article,article,gid://shopify/Article/557269811260,Dealing with Injuries in Jiu Jitsu,dealing-with-injuries-in-jiu-jitsu,blog,Articles,/blogs/blog/dealing-with-injuries-in-jiu-jitsu,true,2022-10-29T13:59:17Z,2022-10-28T09:12:33Z,2023-12-11T14:29:09Z,JJB Admin,true,310,html,9123,10255,true,https://cdn.shopify.com/s/files/1/0363/5125/articles/Dealing_with_Injuries.png?v=1666948353,,,"The article addresses the challenges and offers practical advice on how to navigate and recover from injuries effectively. Whether you're currently dealing with an injury or interested in preventive measures, this read provides a thoughtful perspective.",patches|rashguards|spats,0,no,0,0,3,0,,A,,yes,MIGRATE,no,
article,article,gid://shopify/Article/605401415962,The Most Important Supplement for Jiu Jitsu Athletes?,the-one-supplement-all-jiu-jitsu-athletes-should-take,blog,Articles,/blogs/blog/the-one-supplement-all-jiu-jitsu-athletes-should-take,true,2023-05-23T08:23:08Z,2023-05-23T08:21:47Z,2023-12-11T14:29:42Z,JJB Admin,true,315,html,9223,11790,true,https://cdn.shopify.com/s/files/1/0363/5125/articles/The_One_Supplement_All_Jiu_Jitsu_Athletes_Should_Take.png?v=1684830107,,,"The article, written by a jiu jitsu black belt and medical doctor, sheds light on a specific supplement that can be beneficial for Jiu-Jitsu athletes. The insights shared in this piece could be a game-changer for our training routines and overall well-being.",Gis|patches,0,no,0,0,6,0,,A,,yes,MIGRATE,no,
article,article,gid://shopify/Article/605475373338,Choosing the Right BJJ Academy for You,choosing-the-right-bjj-academy-for-you,blog,Articles,/blogs/blog/choosing-the-right-bjj-academy-for-you,true,2023-06-06T10:17:02Z,2023-06-05T08:29:40Z,2023-12-11T14:30:03Z,JJB Admin,true,294,html,10080,10672,true,https://cdn.shopify.com/s/files/1/0363/5125/articles/Choosing_the_Right_Academy.png?v=1685963272,,,"If you are about to embark on your jiu jitsu journey, one of the most daunting tasks can be choosing where to train. In this article, we highlight what we feel are the most important questions you should be asking yourself when making this important decision.",belts|Gis|patches,0,no,0,0,0,0,,A,,yes,MIGRATE,no,
article,article,gid://shopify/Article/604615246106,The History of Brazilian Jiu Jitsu,the-history-of-brazilian-jiu-jitsu,blog,Articles,/blogs/blog/the-history-of-brazilian-jiu-jitsu,true,2023-01-21T09:10:58Z,2023-01-17T08:36:08Z,2023-12-11T14:30:29Z,JJB Admin,true,355,html,14240,17389,true,https://cdn.shopify.com/s/files/1/0363/5125/articles/History_of_BJJ_eb9dbb1f-ae6c-4abf-b4c1-10a2e71eccba.png?v=1673945901,,,"Today Brazilian jiu jitsu is one of the world's fastest-growing and most popular combat sports. It is recognised as not just being one of the most effective martial arts but also having immense benefits for physical and mental health. But how did we arrive here, and what are the origins and history of this martial art?",belts|Gis|rashguards,5,no,0,0,6,0,,A,,yes,MIGRATE,no,
article,article,gid://shopify/Article/605646291226,A Brief History of BJJ,a-brief-history-of-bjj,blog,Articles,/blogs/blog/a-brief-history-of-bjj,true,2023-07-05T08:10:13Z,2023-07-05T08:09:46Z,2023-12-11T14:30:49Z,JJB Admin,true,320,html,534,1126,true,https://cdn.shopify.com/s/files/1/0363/5125/articles/History_of_BJJ_YouTube.png?v=1688544587,,,"Today Brazilian jiu jitsu is one of the world's fastest-growing and most popular combat sports. It is recognised as not just being one of the most effective martial arts but also having immense benefits for physical and mental health. But how did we arrive here, and what are the origins and history of this martial art?",Gis|rashguards,0,yes,1,1,1,0,,C,embed,yes,MIGRATE,no,
article,article,gid://shopify/Article/605768024346,Why Low Carb Diet Is Bullsh*t,why-low-carb-diet-is-bullsh-t,blog,Articles,/blogs/blog/why-low-carb-diet-is-bullsh-t,true,2023-07-25T10:47:17Z,2023-07-25T10:46:31Z,2023-12-11T14:31:22Z,JJB Admin,true,192,html,1635,2522,true,https://cdn.shopify.com/s/files/1/0363/5125/articles/Why_Low_Carb_Diet_in_Bullsh_t.png?v=1690281991,,,The article takes a critical look at the popular notion of low-carb diets and offers a fresh perspective on their efficacy and impact.,belts|patches|spats,0,no,0,1,1,1,"This%20article%20was%20written%20by%20James%20Cooper.%20James%20is%20a%203rd-degree%20black%20belt%20under%20the%20legendary%20Roger%20Gracie.%20James%20was%20promoted%20to%20black%20belt%20at%20just%2023%20years%20of%20age,%20and%20at%20that%20time%20was%20the%20youngest%20ever%20black%20belt%20in%20the%20UK.%20James%20is%20also%20a%20qualified%20Clinical%20Nutritionist%20who%20graduated%20from%20King%E2%80%99s%20College%20London%20and%20runs%20the%20renowned%20BTX%20London%20Gym%20in%20Hampstead.%20",A,,yes,MIGRATE,no,
article,article,gid://shopify/Article/605833855258,Attending Your First Jiu Jitsu Class,attending-your-first-jiu-jitsu-class,blog,Articles,/blogs/blog/attending-your-first-jiu-jitsu-class,true,2023-08-09T13:06:37Z,2023-08-08T07:51:37Z,2023-12-11T14:31:39Z,JJB Admin,true,260,html,8936,12429,true,https://cdn.shopify.com/s/files/1/0363/5125/articles/Attending_Your_First_Jiu_Jitsu_Class.png?v=1691481097,,,Attending your first jiu jitsu class is an exciting and nerve-wracking experience. Some of you will be completely new to martial arts and have no idea what to expect. This article will give you a feel for what will happen and some ideas on how to best prepare.,Gis|rashguards,0,no,0,0,0,0,,A,,yes,MIGRATE,no,
article,article,gid://shopify/Article/606133682458,Are You Overtraining in Jiu Jitsu?,are-you-overtraining-in-jiu-jitsu,blog,Articles,/blogs/blog/are-you-overtraining-in-jiu-jitsu,true,2023-09-15T13:44:53Z,2023-09-15T13:29:52Z,2023-12-11T14:32:40Z,JJB Admin,true,303,html,6655,10516,true,https://cdn.shopify.com/s/files/1/0363/5125/articles/Overtraining_BJJ.png?v=1694785317,,,"The article discusses a topic that's often overlooked but crucial for our overall well-being and performance. The author provides valuable insights into recognising the signs of overtraining, the impact it can have on our bodies, and practical tips on finding the right balance in our training routines.",patches|rashguards|spats,0,no,0,0,2,0,,A,,yes,MIGRATE,no,
technique,technique,gid://shopify/Article/605936255258,What Is a Heel Hook?,what-is-a-heel-hook,techniques,Techniques,/blogs/techniques/what-is-a-heel-hook,true,2023-08-23T10:02:23Z,2023-08-23T10:01:44Z,2023-12-11T15:01:31Z,JJB Admin,true,555,html,159,664,true,https://cdn.shopify.com/s/files/1/0363/5125/articles/What_is_a_Heel_Hook_JJB_BLOG_POST.png?v=1692784905,,,"In this short teaser clip from his instructional video 'Zero to Hero: Introduction to Heel Hooks', Leigh Remedios explains what a heel hook is in simple terms.",patches|rashguards,0,yes,1,1,0,0,,C,embed;product-like-tags,yes,MIGRATE,no,Tags look like Shopify product collection tags; strip on import
article,article,gid://shopify/Article/606034854170,Why Learn Heel Hooks?,why-learn-heel-hooks,blog,Articles,/blogs/blog/why-learn-heel-hooks,true,2023-09-03T07:42:00Z,2023-09-03T07:38:41Z,2023-12-11T15:02:16Z,JJB Admin,true,185,html,6242,6976,true,https://cdn.shopify.com/s/files/1/0363/5125/articles/Why_Learn_heel_Hooks.png?v=1693726829,,,"The author provides valuable insights into the technical aspects of heel hooks, along with the strategic advantages they offer.",belts|patches|spats,0,no,0,0,1,0,,A,,yes,MIGRATE,no,
technique,technique,gid://shopify/Article/606186635546,Collar Choke From the Arm Wrap,collar-choke-from-the-arm-wrap,techniques,Techniques,/blogs/techniques/collar-choke-from-the-arm-wrap,true,2023-09-25T08:32:04Z,2023-09-25T08:32:04Z,2023-12-11T15:02:42Z,JJB Admin,true,225,html,241,759,true,https://cdn.shopify.com/s/files/1/0363/5125/articles/Collar_Choke_Arm_Wrap.png?v=1695630725,,,"In this video, 2nd-degree black belt Marc Barton teaches the arm wrap choke from closed guard. Marc credits his instructor, the legendary Mauricio Motta Gomes, for the details he is showing.",Gis|rashguards,0,yes,1,0,1,0,,C,embed;product-like-tags,yes,MIGRATE,no,Tags look like Shopify product collection tags; strip on import
technique,technique,gid://shopify/Article/606415913242,Triangle Choke From the Arm Wrap,triangle-choke-from-the-arm-wrap,techniques,Techniques,/blogs/techniques/triangle-choke-from-the-arm-wrap,true,2023-10-30T11:31:11Z,2023-10-30T11:30:37Z,2023-12-11T15:03:00Z,JJB Admin,true,187,html,306,1060,true,https://cdn.shopify.com/s/files/1/0363/5125/articles/Triangle_Choke_From_Arm_Wrap.png?v=1698665437,,,"2nd-degree black belt Marc Barton teaches how to set up a triangle choke from the arm wrap. Marc credits his instructor, the legendary Mauricio Motta Gomes, for the details he is showing.",Gis|rashguards,0,yes,1,1,1,0,,C,embed;product-like-tags,yes,MIGRATE,no,Tags look like Shopify product collection tags; strip on import
technique,technique,gid://shopify/Article/606477156634,Cutting Armbar From the Arm Wrap,cutting-armbar-from-the-arm-wrap,techniques,Techniques,/blogs/techniques/cutting-armbar-from-the-arm-wrap,true,2023-11-13T09:43:53Z,2023-11-13T09:43:17Z,2023-12-11T15:03:34Z,JJB Admin,true,187,html,306,1087,true,https://cdn.shopify.com/s/files/1/0363/5125/articles/Cutting_Armbar_From_Armwrap.png?v=1699868598,,,"2nd-degree black belt Marc Barton teaches how to set up a cutting armbar from the arm wrap. Marc credits his instructor, the legendary Mauricio Motta Gomes, for the details he is showing.",Gis|rashguards,0,yes,1,1,1,0,,C,embed;product-like-tags,yes,MIGRATE,no,Tags look like Shopify product collection tags; strip on import
article,article,gid://shopify/Article/606442815770,Jiu Jitsu Mat Etiquette,jiu-jitsu-mat-etiquette,blog,Articles,/blogs/blog/jiu-jitsu-mat-etiquette,true,2023-11-06T10:21:43Z,2023-11-04T13:33:43Z,2023-12-11T15:03:53Z,JJB Admin,true,219,html,9080,10073,true,https://cdn.shopify.com/s/files/1/0363/5125/articles/BJJ_Mat_Etiquette.png?v=1699104824,,,"An in-depth explanation of how to behave before, during and after every class you attend. Following these rules of etiquette will ensure that you and your fellow students can get the most out of the training experience.",Gis|rashguards,0,no,0,0,0,0,,A,,yes,MIGRATE,no,
technique,technique,gid://shopify/Article/606273208602,Posture Control Choke,posture-control-choke,techniques,Techniques,/blogs/techniques/posture-control-choke,true,2023-10-09T10:28:01Z,2023-10-09T10:26:59Z,2023-12-11T15:04:14Z,JJB Admin,true,217,html,301,940,true,https://cdn.shopify.com/s/files/1/0363/5125/articles/Posture_Control_Choke.png?v=1696847220,,,"2nd-degree black belt Marc Barton teaches the posture control choke from the arm wrap. Marc credits his instructor, the legendary Mauricio Motta Gomes, for the details he is showing.",belts|Gis|rashguards,0,yes,1,1,1,0,,C,embed;product-like-tags,yes,MIGRATE,no,Tags look like Shopify product collection tags; strip on import
technique,technique,gid://shopify/Article/606609834266,Michael Myers Guard Passing,michael-myers-guard-passing,techniques,Techniques,/blogs/techniques/michael-myers-guard-passing,true,2023-12-17T12:19:26Z,2023-12-17T12:18:36Z,2023-12-17T12:19:26Z,JJB Admin,true,177,html,419,928,true,https://cdn.shopify.com/s/files/1/0363/5125/articles/Michael_Myers_Guard_Passing_YouTube.png?v=1702815516,,,3rd-degree black belt Rob Taylor teaches a guard passing concept that he compares to being relentlessly stalked by Michael Myers in Halloween!,Gis|patches|rashguards,0,yes,1,1,1,0,,C,embed;product-like-tags,yes,MIGRATE,no,Tags look like Shopify product collection tags; strip on import
technique,technique,gid://shopify/Article/606707646746,Pressure and Patience Are Vital,pressure-and-patience-are-vital,techniques,Techniques,/blogs/techniques/pressure-and-patience-are-vital,true,2024-01-08T10:21:35Z,2024-01-08T10:21:31Z,2024-01-08T10:22:52Z,JJB Admin,true,146,html,388,1095,true,https://cdn.shopify.com/s/files/1/0363/5125/articles/Patience_Pressure.png?v=1704709291,,,3rd-degree black belt Rob Taylor gives us some important details to fine tune his Michael Myers passing system.,Gis|patches|rashguards,0,yes,1,1,1,0,,C,embed;product-like-tags,yes,MIGRATE,no,Tags look like Shopify product collection tags; strip on import
technique,technique,gid://shopify/Article/606919393562,Don’t Get Leg Locked!,don-t-get-leg-locked,techniques,Techniques,/blogs/techniques/don-t-get-leg-locked,true,2024-01-30T12:18:16Z,2024-01-30T12:18:17Z,2024-02-13T09:55:57Z,JJB Admin,true,179,html,627,1285,true,https://cdn.shopify.com/s/files/1/0363/5125/articles/Avoiding_Leg_Locks_When_Passing.png?v=1706617097,,,"3rd-degree black belt Rob Taylor gives us more details to fine-tune his Michael Myers passing system, including how to avoid getting leg locked.",Gis|patches|rashguards,0,yes,1,2,1,0,,C,embed;product-like-tags,yes,MIGRATE,no,Tags look like Shopify product collection tags; strip on import
technique,technique,gid://shopify/Article/607201329434,Knee Slice Passing Tips,knee-slice-passing-tips,techniques,Techniques,/blogs/techniques/knee-slice-passing-tips,true,2024-02-13T09:56:05Z,2024-02-13T09:52:08Z,2024-02-13T09:56:05Z,JJB Admin,true,184,html,629,1215,true,https://cdn.shopify.com/s/files/1/0363/5125/articles/Knee_Slice_Passing_Tips.png?v=1707817928,,,3rd-degree black belt Rob Taylor discusses knee slice passing variations and gives us some tips for using his passing system to enter the knee slice.,Gis|patches,0,yes,1,2,1,0,,C,embed;product-like-tags,yes,MIGRATE,no,Tags look like Shopify product collection tags; strip on import
article,article,gid://shopify/Article/606956028186,BJJ and Grappling Skin Infections Part 1: Ringworm,bjj-and-grappling-skin-infections-part-1-ringworm,blog,Articles,/blogs/blog/bjj-and-grappling-skin-infections-part-1-ringworm,true,2024-02-06T13:10:13Z,2024-02-06T13:05:29Z,2024-02-19T09:02:32Z,JJB Admin,true,328,html,4324,8446,true,https://cdn.shopify.com/s/files/1/0363/5125/articles/Skin_Infections_Ringworm.png?v=1707224729,,,"Practising Brazilian Jiu Jitsu, and all other forms of grappling for that matter, comes with an associated risk of developing skin infections. In the first of this series of short articles, we will consider perhaps the most common of all the skin infections encountered by grapplers, ringworm.",Gis|patches|rashguards,1,no,0,1,4,0,,A,,yes,MIGRATE,no,
article,article,gid://shopify/Article/607312052506,BJJ and Grappling Skin Infections Part 2: Staph and Impetigo,bjj-and-grappling-skin-infections-part-2-staph-and-impetigo,blog,Articles,/blogs/blog/bjj-and-grappling-skin-infections-part-2-staph-and-impetigo,true,2024-02-19T08:59:14Z,2024-02-19T08:56:25Z,2024-02-26T10:52:43Z,JJB Admin,true,311,html,5297,7362,true,https://cdn.shopify.com/s/files/1/0363/5125/articles/BJJ_Skin_Infections_Staph.png?v=1708333155,,,"In this article, we take a deep dive into staph infections. Very few things cause as much fear and anxiety amongst grapplers as staph. Horror stories about this particular infection frequently circulate on social media, and many of us know somebody personally who has had a particularly nasty ‘staph’ infection.",belts|Gis|rashguards,2,no,0,2,4,0,,A,,yes,MIGRATE,no,
article,article,gid://shopify/Article/607856918810,BJJ and Grappling Skin Infections Part 3: Herpes Gladiatorum,bjj-and-grappling-skin-infections-part-3-herpes-gladiatorum,blog,Articles,/blogs/blog/bjj-and-grappling-skin-infections-part-3-herpes-gladiatorum,true,2024-02-26T10:51:14Z,2024-02-26T09:41:48Z,2024-02-26T11:08:56Z,JJB Admin,true,227,html,3803,4848,true,https://cdn.shopify.com/s/files/1/0363/5125/articles/Herpes_Gladiatorum.png?v=1708941337,,,"In our third and final article on skin infections in jiu jitsu, we look at herpes infections, particularly the type of herpes that affects grapplers – herpes gladiatorum.",Gis|patches|spats,1,no,0,2,2,0,,A,,yes,MIGRATE,no,
article,article,gid://shopify/Article/607900008730,Rolls Gracie vs Rickson Gracie,rolls-gracie-vs-rickson-gracie,blog,Articles,/blogs/blog/rolls-gracie-vs-rickson-gracie,true,2024-03-05T09:20:22Z,2024-03-05T09:20:22Z,2024-03-05T09:20:30Z,JJB Admin,true,124,html,2168,2516,true,https://cdn.shopify.com/s/files/1/0363/5125/articles/Rolls_vs_Rickson_YouTube.png?v=1709630430,,,"For your viewing pleasure, some amazing archive footage featuring the late, great Rolls Gracie sparring with Rickson Gracie!",Gis|rashguards,0,yes,1,0,0,0,,C,embed,yes,MIGRATE,no,
article,article,gid://shopify/Article/607972786458,What Kit and Equipment Will You Need for BJJ,what-kit-and-equipment-will-you-need-for-bjj,blog,Articles,/blogs/blog/what-kit-and-equipment-will-you-need-for-bjj,true,2024-03-18T09:49:47Z,2024-03-18T09:28:56Z,2024-03-18T10:00:39Z,JJB Admin,true,259,html,9242,11369,true,https://cdn.shopify.com/s/files/1/0363/5125/articles/What_Equipment_Will_You_Need.png?v=1710756039,,,"As with most sports and martial arts, you must invest in some kit and equipment to get the most out of your training. Choosing what you will buy is highly personalised; however, some items are essential. We outline everything you need to know in this article.",belts|Gis|rashguards,4,no,0,8,0,0,,A,,yes,MIGRATE,no,
article,article,gid://shopify/Article/608144064794,Five Ways to Naturally Boost Your Immune System,five-ways-to-naturally-boost-your-immune-system,blog,Articles,/blogs/blog/five-ways-to-naturally-boost-your-immune-system,true,2024-04-21T08:14:09Z,2024-04-21T08:13:33Z,2024-04-21T08:19:34Z,JJB Admin,true,130,html,8864,12141,true,https://cdn.shopify.com/s/files/1/0363/5125/articles/photo_collage_-_desktop_wallpaper.png?v=1713687213,,,Here are five simple measures that can be taken to help you strengthen your immunity naturally.,belts|gi|patches,3,no,0,2,11,0,,A,,yes,MIGRATE,no,
article,article,gid://shopify/Article/608308560154,Can Jiu-Jitsu Athletes Benefit from the Ecological Method? A Coach's Perspective,can-jiu-jitsu-athletes-benefit-from-the-ecological-method-a-coachs-perspective,blog,Articles,/blogs/blog/can-jiu-jitsu-athletes-benefit-from-the-ecological-method-a-coachs-perspective,true,2024-06-03T07:33:39Z,2024-05-30T07:40:07Z,2024-06-03T07:33:39Z,JJB Admin,true,83,html,6078,6601,true,https://cdn.shopify.com/s/files/1/0363/5125/articles/Ecological_Method_in_Jiu_Jitsu.png?v=1717055220,,,The Ecological Method in Jiu-Jitsu: Is It a Game Changer or a Just a Passing Trend?,Leg Locks|Leigh Remedios,0,no,0,0,1,0,,A,,yes,MIGRATE,no,
technique,technique,gid://shopify/Article/608296042778,Limp Arm Back Take,limp-arm-back-take,techniques,Techniques,/blogs/techniques/limp-arm-back-take,true,2024-05-27T09:37:38Z,2024-05-27T09:36:57Z,2024-06-14T07:12:04Z,JJB Admin,true,249,html,468,1534,true,https://cdn.shopify.com/s/files/1/0363/5125/articles/Limp_Arm_Back_Take.png?v=1716802617,,,When your opponent is basing hard to defend the sweep in the dogfight it is worth looking for this option to return to the back take.,Gis|patches,0,yes,1,1,2,0,,C,embed;product-like-tags,yes,MIGRATE,no,Tags look like Shopify product collection tags; strip on import
technique,technique,gid://shopify/Article/608236634394,Half Guard Ankle Hook Sweep,half-guard-ankle-hook-sweep,techniques,Techniques,/blogs/techniques/half-guard-ankle-hook-sweep,true,2024-05-11T10:00:09Z,2024-05-11T09:58:30Z,2024-06-14T07:12:21Z,JJB Admin,true,150,html,494,1092,true,https://cdn.shopify.com/s/files/1/0363/5125/articles/Half_Guard_Underhook_Sweep.png?v=1715421510,,,"In this video, 3rd-degree black belt Miad Najafi teaches the ankle hook sweep from his half-guard underhook series.",Gis|patches,0,yes,1,1,2,0,,C,embed;product-like-tags,yes,MIGRATE,no,Tags look like Shopify product collection tags; strip on import
technique,technique,gid://shopify/Article/608187613466,Roll Under Sweep from Half Guard,roll-under-sweep-from-half-guard,techniques,Techniques,/blogs/techniques/roll-under-sweep-from-half-guard,true,2024-04-28T11:43:00Z,2024-04-28T11:39:12Z,2024-06-14T07:12:38Z,JJB Admin,true,157,html,607,1205,true,https://cdn.shopify.com/s/files/1/0363/5125/articles/Roll_Under_Half_Guard_Sweep.png?v=1714304442,,,"In this video, 3rd-degree black belt Miad Najafi looks at how to counter the whizzer defence to the back take with this simple but effective sweeping option.",gi|Gis|patches|rashguards,0,yes,1,1,2,0,,C,embed;product-like-tags,yes,MIGRATE,no,Tags look like Shopify product collection tags; strip on import
technique,technique,gid://shopify/Article/608114409754,A Simple Half Guard Back Take,a-simple-half-guard-back-take,techniques,Techniques,/blogs/techniques/a-simple-half-guard-back-take,true,2024-04-15T08:04:20Z,2024-04-15T08:03:58Z,2024-06-14T07:12:59Z,JJB Admin,true,207,html,521,1119,true,https://cdn.shopify.com/s/files/1/0363/5125/articles/White_and_Black_Church_Prayer_YouTube_Thumbnail.png?v=1713168238,,,"In this video, 3rd-degree black belt Miad Najafi continues his run through the half-guard underhook series. After securing the underhook, the primary focus should be to seize the opportunity for a back take.",Gis|patches,0,yes,1,1,2,0,,C,embed;product-like-tags,yes,MIGRATE,no,Tags look like Shopify product collection tags; strip on import
technique,technique,gid://shopify/Article/608049529114,Battle for the Underhook,battle-for-the-underhook,techniques,Techniques,/blogs/techniques/battle-for-the-underhook,true,2024-04-01T08:35:53Z,2024-04-01T08:29:04Z,2024-06-14T07:13:18Z,JJB Admin,true,302,html,495,1093,true,https://cdn.shopify.com/s/files/1/0363/5125/articles/The_Battle_for_the_Underhook_YouTube.png?v=1711960145,,,"When playing half guard, the battle for the underhook is critical. Once established, the underhook leads to a wide variety of sweeping and attacking options. In this video, 3rd-degree black belt Miad Najafi shares a great drill designed to hone this essential skill in half guard.",belts|Gis,0,yes,1,1,2,0,,C,embed;product-like-tags,yes,MIGRATE,no,Tags look like Shopify product collection tags; strip on import
technique,technique,gid://shopify/Article/608384450842,Countering the Backstep,countering-the-backstep,techniques,Techniques,/blogs/techniques/countering-the-backstep,true,2024-06-14T07:07:07Z,2024-06-14T07:07:07Z,2024-06-14T07:14:10Z,JJB Admin,true,189,html,634,1604,true,https://cdn.shopify.com/s/files/1/0363/5125/articles/Countering_the_Backstep.png?v=1718348827,,,"In the final video in his half guard underhook series, Miad Najafi deals with a common scenario where the top player loses the underhook and kicks over to the opposite side with a backstep.",Gis|rashguards,0,yes,1,1,2,0,,C,embed;product-like-tags,yes,MIGRATE,no,Tags look like Shopify product collection tags; strip on import
technique,technique,gid://shopify/Article/608452772122,A System For Guard Passing,a-system-for-guard-passing,techniques,Techniques,/blogs/techniques/a-system-for-guard-passing,true,2024-06-24T09:11:37Z,2024-06-24T09:07:39Z,2024-06-24T09:11:37Z,JJB Admin,true,98,html,230,583,true,https://cdn.shopify.com/s/files/1/0363/5125/articles/maxresdefault.jpg?v=1719220059,,,MMA legend and Jiu Jitsu Black Belt Leigh Remedios shares the secrets of his guard passing system.,belts|Gis|Leg Locks|Leigh Remedios,0,yes,1,0,0,0,,C,embed;product-like-tags,yes,MIGRATE,no,Tags look like Shopify product collection tags; strip on import
article,article,gid://shopify/Article/608545964314,A Glossary of BJJ Terms,a-glossary-of-bjj-terms,blog,Articles,/blogs/blog/a-glossary-of-bjj-terms,true,2024-07-12T07:32:26Z,2024-07-12T07:32:27Z,2024-07-12T08:11:48Z,JJB Admin,true,309,html,22131,57479,true,https://cdn.shopify.com/s/files/1/0363/5125/articles/Copy_of_Copy_of_White_and_Black_Church_Prayer_YouTube_Thumbnail.png?v=1720769547,,,The terminology used in Brazilian jiu jitsu can be confusing for those new to the martial art. This glossary provides a list of commonly used terms in jiu jitsu to help those who are just starting out understand the language and concepts of jiu jitsu.,belts|patches|rashguards,0,no,0,0,0,0,,A,,yes,MIGRATE,no,
technique,technique,gid://shopify/Article/608590561562,Unlocking Turtle Position: 3 Effective Turnovers,unlocking-turtle-position-3-effective-turnovers,techniques,Techniques,/blogs/techniques/unlocking-turtle-position-3-effective-turnovers,true,2024-07-23T12:59:03Z,2024-07-23T12:47:45Z,2024-07-23T13:00:05Z,JJB Admin,true,327,html,701,1248,true,https://cdn.shopify.com/s/files/1/0363/5125/articles/Turtle_Turnovers.png?v=1721738866,,,Three simple and effective attacking options from one of the most important yet neglected positions in jiu jitsu.,belts|patches|rashguards,0,yes,1,0,2,0,,C,embed;product-like-tags,yes,MIGRATE,no,Tags look like Shopify product collection tags; strip on import
technique,technique,gid://shopify/Article/608662094106,Basic Choke From Lapel Guard,basic-choke-from-lapel-guard,techniques,Techniques,/blogs/techniques/basic-choke-from-lapel-guard,true,2024-08-07T07:28:07Z,2024-08-07T07:28:07Z,2024-08-07T07:28:08Z,JJB Admin,true,75,html,268,730,true,https://cdn.shopify.com/s/files/1/0363/5125/articles/Lapel_Guard_Choke.png?v=1723015688,,,1st-degree black belt Cole Porter teaches the basic choke from lapel guard.,,0,yes,1,0,1,0,,C,embed,yes,MIGRATE,no,
technique,technique,gid://shopify/Article/608715505946,Fix Your Lapel Guard Choke,fix-your-lapel-guard-choke,techniques,Techniques,/blogs/techniques/fix-your-lapel-guard-choke,true,2024-08-19T12:03:53Z,2024-08-19T12:03:54Z,2024-08-19T12:05:35Z,JJB Admin,true,205,html,201,703,true,https://cdn.shopify.com/s/files/1/0363/5125/articles/Lapel_Guard_Choke_Details.png?v=1724069034,,,Fixing the grip on the lapels guard choke will make it extremely tight and it can even be applied with one hand.,belts|gi|Gis,0,yes,1,1,0,0,,C,embed;product-like-tags,yes,MIGRATE,no,Tags look like Shopify product collection tags; strip on import
technique,technique,gid://shopify/Article/608793854234,The Invisible Collar Choke,the-invisible-collar-choke,techniques,Techniques,/blogs/techniques/the-invisible-collar-choke,true,2024-09-05T10:05:04Z,2024-09-05T09:55:35Z,2024-09-05T10:05:04Z,JJB Admin,true,271,html,795,1389,true,https://cdn.shopify.com/s/files/1/0363/5125/articles/The_Invisible_Collar_Choke.png?v=1725530136,,,"In this video, Cole, a 1st-degree black belt, dives into a highly effective variation of the lapel guard collar choke he calls the ""Invisible Collar Choke.""",Gis|patches,0,yes,1,1,0,0,,C,embed;product-like-tags,yes,MIGRATE,no,Tags look like Shopify product collection tags; strip on import
article,article,gid://shopify/Article/608850706714,Using Heart Rate Variability to Monitor Your Training,using-heart-rate-variability-to-monitor-your-training,blog,Articles,/blogs/blog/using-heart-rate-variability-to-monitor-your-training,true,2024-09-15T11:55:09Z,2024-09-15T11:54:30Z,2024-09-15T13:01:40Z,JJB Admin,true,234,html,8287,9860,true,https://cdn.shopify.com/s/files/1/0363/5125/articles/Using_HRV.png?v=1726401271,,,"Monitoring HRV can be a game changer in monitoring your training readiness and avoiding overreaching or overtraining. In this article, a medical doctor and BJJ black belt discusses how he has used it to help plan his training routine.",patches|rashguards,4,no,0,1,3,0,,A,,yes,MIGRATE,no,
technique,technique,gid://shopify/Article/608885244186,Setting Up Gubber Guard,setting-up-gubber-guard,techniques,Techniques,/blogs/techniques/setting-up-gubber-guard,true,2024-09-23T09:19:16Z,2024-09-23T09:19:16Z,2024-09-23T09:21:19Z,JJB Admin,true,240,html,526,949,true,https://cdn.shopify.com/s/files/1/0363/5125/articles/Gubber_Guard.png?v=1727083157,,,The Gubber Guard is a great option when your opponent is shutting down your choke attempts from the lapel guard. It is a powerful control that clamps the shoulder and opens up new submission opportunities.,patches|rashguards,0,yes,1,0,0,0,,C,embed;product-like-tags,yes,MIGRATE,no,Tags look like Shopify product collection tags; strip on import
technique,technique,gid://shopify/Article/609027555610,Powerful Choke From Gubber Guard,powerful-choke-from-gubber-guard,techniques,Techniques,/blogs/techniques/powerful-choke-from-gubber-guard,true,2024-10-13T12:23:14Z,2024-10-13T12:22:47Z,2024-10-13T12:30:30Z,JJB Admin,true,258,html,307,583,true,https://cdn.shopify.com/s/files/1/0363/5125/articles/Gubber_Guard_Choke.png?v=1728822168,,,"In this video, Cole, a 1st-degree black belt, shows us how to set up a powerful choke from the gubber guard.",,0,no,0,0,0,0,,A,,yes,MIGRATE,no,
article,article,gid://shopify/Article/609096827162,Positional Hierarchy and Strategy,positional-hierarchy-and-strategy,blog,Articles,/blogs/blog/positional-hierarchy-and-strategy,true,2024-10-21T07:44:28Z,2024-10-21T07:44:28Z,2024-10-21T07:51:35Z,JJB Admin,true,346,html,4290,6064,true,https://cdn.shopify.com/s/files/1/0363/5125/articles/Copy_of_Copy_of_Copy_of_Copy_of_White_and_Black_Church_Prayer_YouTube_Thumbnail.png?v=1729496669,,,"The concept of positional hierarchy is integral to the understanding of jiu jitsu. It refers to the ranking of different positions in terms of their relative dominance and control. Not all positions are equal, and some are more advantageous than others.",belts|patches|rashguards,1,no,0,0,0,0,,A,,yes,MIGRATE,no,
technique,technique,gid://shopify/Article/609176584474,Simple Tip to MASSIVELY Improve Your Chokes!,simple-tip-to-massively-improve-your-chokes,techniques,Techniques,/blogs/techniques/simple-tip-to-massively-improve-your-chokes,true,2024-11-04T10:36:50Z,2024-11-04T10:36:20Z,2024-11-04T10:36:50Z,JJB Admin,true,72,html,183,563,true,https://cdn.shopify.com/s/files/1/0363/5125/articles/Top_Tip_For_Chokes.png?v=1730716580,,,A simple but highly effective tip to take your chokes to the next level.,,0,yes,1,0,0,0,,C,embed,yes,MIGRATE,no,
article,article,gid://shopify/Article/609253097754,Positional Sparring in Brazilian Jiu-Jitsu: The Key to Mastery,positional-sparring-in-brazilian-jiu-jitsu-the-key-to-mastery,blog,Articles,/blogs/blog/positional-sparring-in-brazilian-jiu-jitsu-the-key-to-mastery,true,2024-11-20T08:31:57Z,2024-11-20T08:31:57Z,2024-11-20T13:11:31Z,JJB Admin,true,308,html,7548,10087,true,https://cdn.shopify.com/s/files/1/0363/5125/articles/Positional_Sparring.png?v=1732091517,,,"Positional sparring is a vital tool in Brazilian Jiu-Jitsu, helping practitioners of all levels refine techniques, master positions, and enhance performance. By isolating scenarios, it accelerates learning and builds resilience, making it essential for success on the mats.",patches|rashguards,0,no,0,0,0,0,,A,,yes,MIGRATE,no,
technique,technique,gid://shopify/Article/609319616794,Gi Meets No Gi: The Ghost Escape,gi-meets-no-gi-the-ghost-escape,techniques,Techniques,/blogs/techniques/gi-meets-no-gi-the-ghost-escape,true,2024-12-04T09:15:16Z,2024-12-04T09:13:04Z,2024-12-04T09:15:16Z,JJB Admin,true,198,html,356,994,true,https://cdn.shopify.com/s/files/1/0363/5125/articles/Ghost_Escape_Team_Up.png?v=1733303584,,,"Marc and Leigh team up to teach two variations of the Ghost Escape from side control, with Marc demonstrating the Gi version and Leigh covering the No-Gi approach.",Leg Locks|Leigh Remedios|patches|rashguards,0,yes,1,0,0,0,,C,embed;product-like-tags,yes,MIGRATE,no,Tags look like Shopify product collection tags; strip on import
article,article,gid://shopify/Article/609466024218,How to Train Leg Locks Safely,how-to-train-leg-locks-safely,blog,Articles,/blogs/blog/how-to-train-leg-locks-safely,true,2025-01-07T09:12:06Z,2025-01-07T09:08:15Z,2025-01-07T09:21:19Z,JJB Admin,true,196,html,7701,10425,true,https://cdn.shopify.com/s/files/1/0363/5125/articles/Heel_Hooks_YouTube.png?v=1736240895,,,"Leg locks are vital in BJJ but risky. Understanding knee anatomy, using control, and training responsibly ensures safety and skill in techniques like heel hooks.",Leg Locks|Leigh Remedios,1,yes,1,0,2,0,,C,embed,yes,MIGRATE,no,
article,article,gid://shopify/Article/609763492122,The First MMA Match Caught on Film?,the-first-mma-match-caught-on-film,blog,Articles,/blogs/blog/the-first-mma-match-caught-on-film,true,2025-01-27T08:45:13Z,2025-01-27T08:47:56Z,2025-01-27T08:47:56Z,JJB Admin,true,111,html,380,547,true,https://cdn.shopify.com/s/files/1/0363/5125/articles/First_MMA_Thumb_cf665b90-8a36-4b3e-93c6-fc7bc77c64dc.png?v=1737967676,,,"Historic footage of the 1937 Pio Pico vs. Nick Lutze bout, possibly the earliest MMA match ever filmed.",,0,yes,1,0,0,0,,C,embed,yes,MIGRATE,no,
article,article,gid://shopify/Article/405422800956,The Benefits of Training Both Gi and No-Gi Grappling,gi-or-no-gi,blog,Articles,/blogs/blog/gi-or-no-gi,true,2025-02-11T00:00:00Z,2020-01-04T02:35:22Z,2025-02-11T12:46:15Z,JJB Admin,true,138,html,6056,7592,true,https://cdn.shopify.com/s/files/1/0363/5125/articles/Gi_or_No_Gi.png?v=1739277975,,,A short article describing the benefits of training both Gi or No-Gi styles of grappling and jiu jitsu.,Gis|rashguards,0,no,0,0,1,0,,A,,yes,MIGRATE,no,
article,article,gid://shopify/Article/609983758618,Preparing for the Podium: A Beginner’s Guide to BJJ Rules,preparing-for-the-podium-a-beginner-s-guide-to-bjj-rules,blog,Articles,/blogs/blog/preparing-for-the-podium-a-beginner-s-guide-to-bjj-rules,true,2025-03-03T09:15:37Z,2025-03-03T09:15:04Z,2025-03-03T09:16:28Z,JJB Admin,true,179,html,5898,6617,true,https://cdn.shopify.com/s/files/1/0363/5125/articles/BJJ_Rules_Made_Easy.png?v=1740993388,,,"This guide simplifies IBJJF rules, covering scoring, advantages, penalties, and disqualifications to help competitors navigate BJJ tournaments with confidence.",belts|Gis,0,no,0,0,0,0,,A,,yes,MIGRATE,no,
technique,technique,gid://shopify/Article/610021671194,The Arm Wrap System,the-arm-wrap-system,techniques,Techniques,/blogs/techniques/the-arm-wrap-system,true,2025-02-21T12:33:00Z,2025-03-07T12:55:33Z,2025-03-07T12:55:33Z,JJB Admin,true,166,html,658,970,true,https://cdn.shopify.com/s/files/1/0363/5125/articles/maxresdefault_ebbeaca0-58c6-4e96-b148-71ae9d25f99e.jpg?v=1741352133,,,"Marc Barton, 2nd-degree black belt, shares a 4-attack closed guard sequence learned from Coral Belt Mauricio Gomes, chaining collar chokes, a triangle, and an armbar.",,0,yes,1,0,0,0,,C,embed,yes,MIGRATE,no,
technique,technique,gid://shopify/Article/610021703962,High-Percentage Judo Takedowns for BJJ,high-percentage-judo-takedowns-for-bjj,techniques,Techniques,/blogs/techniques/high-percentage-judo-takedowns-for-bjj,true,2025-03-07T12:59:09Z,2025-03-07T12:59:14Z,2025-03-07T16:21:50Z,JJB Admin,true,202,html,1171,2122,true,https://cdn.shopify.com/s/files/1/0363/5125/articles/Judo_for_BJJ.png?v=1741364510,,,"Leigh Remedios, Judo and BJJ black belt, teaches a high-percentage takedown system for BJJ, featuring the Tornado Throw, Sumi Gaeshi, and Yoko Tomoe Nage with smart gripping strategies to minimise risk.",,0,yes,1,0,0,0,,C,embed,yes,MIGRATE,no,
technique,technique,gid://shopify/Article/610389557530,Smooth Side Control to Mount Transition,smooth-side-control-to-mount-transition,techniques,Techniques,/blogs/techniques/smooth-side-control-to-mount-transition,true,2025-03-31T11:16:26Z,2025-03-31T11:12:50Z,2025-03-31T11:16:31Z,JJB Admin,true,223,html,559,909,true,https://cdn.shopify.com/s/files/1/0363/5125/articles/Side_Control_to_Mount.png?v=1743419791,,,"Kingston Jiu Jitsu’s Marc Barton teaches a simple, effective side control to mount transition, helping you build control, pressure, and a high mount finish to dominate from the top.",gi|patches|rashguards,0,yes,1,0,0,0,,C,embed;product-like-tags,yes,MIGRATE,no,Tags look like Shopify product collection tags; strip on import
article,article,gid://shopify/Article/610500083994,Why Jiu Jitsu Was the Therapy I Didn’t Know I Needed,why-jiu-jitsu-was-the-therapy-i-didn-t-know-i-needed,blog,Articles,/blogs/blog/why-jiu-jitsu-was-the-therapy-i-didn-t-know-i-needed,true,2025-04-07T16:56:57Z,2025-04-07T16:55:24Z,2025-04-12T09:14:26Z,JJB Admin,true,347,html,9459,11424,true,https://cdn.shopify.com/s/files/1/0363/5125/articles/Why_Jiu_Jitsu_Heals.png?v=1744449266,,,"Explore how Brazilian Jiu Jitsu offers therapeutic relief from burnout and anxiety, promoting mindfulness, resilience and emotional healing through movement.",belts|patches|rashguards,0,no,0,0,6,0,,A,,yes,MIGRATE,no,
technique,technique,gid://shopify/Article/610646950170,False Reap Entry to Heel Hook | Leigh Remedios’ Polaris Finish!,false-reap-entry-to-heel-hook-leigh-remedios-polaris-finish,techniques,Techniques,/blogs/techniques/false-reap-entry-to-heel-hook-leigh-remedios-polaris-finish,true,2025-04-14T09:10:15Z,2025-04-14T09:10:12Z,2025-04-14T09:10:19Z,JJB Admin,true,268,html,261,481,true,https://cdn.shopify.com/s/files/1/0363/5125/articles/False_Reap_YouTube.png?v=1744621819,,,"Learn the slick false reap heel hook entry that BJJ black belt Leigh Remedios used to submit Nick ‘The Tooth’ Gullo at Polaris, taken from his instructional Zero to Hero: Introduction to Heel Hooks.",Leg Locks|Leigh Remedios,0,yes,1,0,0,0,,C,embed,yes,MIGRATE,no,
article,article,gid://shopify/Article/610366390554,Maurício Gomes: The Legacy of a Jiu-Jitsu Pioneer,mauricio-gomes-the-legacy-of-a-jiu-jitsu-pioneer,blog,Articles,/blogs/blog/mauricio-gomes-the-legacy-of-a-jiu-jitsu-pioneer,true,2025-03-28T13:10:16Z,2025-03-28T13:10:23Z,2025-04-21T08:37:27Z,JJB Admin,true,143,html,6693,7553,true,https://cdn.shopify.com/s/files/1/0363/5125/articles/Godfather_of_BJJ.png?v=1745224647,,,"Explore the legacy of Maurício Gomes, a Jiu Jitsu pioneer whose influence shaped generations of grapplers across the world.",,1,no,0,0,3,0,,A,,yes,MIGRATE,no,
technique,technique,gid://shopify/Article/610903392538,Rob Taylor’s Guard Passing Masterclass,rob-taylor-s-guard-passing-masterclass,techniques,Techniques,/blogs/techniques/rob-taylor-s-guard-passing-masterclass,true,2025-05-05T11:40:13Z,2025-05-05T11:39:30Z,2025-05-05T11:40:15Z,JJB Admin,true,225,html,850,1547,true,https://cdn.shopify.com/s/files/1/0363/5125/articles/Pass_Every_Guard.png?v=1746445215,,,"Rob Taylor teaches a pressure-based guard passing system with the Terminator Concept, leg lock defence, and knee slice details.",patches|rashguards|shorts,0,yes,1,1,1,0,,C,embed;product-like-tags,yes,MIGRATE,no,Tags look like Shopify product collection tags; strip on import
article,article,gid://shopify/Article/610926952730,What It Really Takes to Earn a BJJ Black Belt,what-it-really-takes-to-earn-a-bjj-black-belt,blog,Articles,/blogs/blog/what-it-really-takes-to-earn-a-bjj-black-belt,true,2025-05-10T07:48:43Z,2025-05-09T20:28:15Z,2025-05-10T18:41:04Z,JJB Admin,true,152,html,4399,5386,true,https://cdn.shopify.com/s/files/1/0363/5125/articles/Your_paragraph_text_1280_x_720_px_257b3e5f-a770-4754-bfb5-fc9b6427c01a.png?v=1746902464,,,"It takes an average of 13.3 years to earn a BJJ black belt. Discover why the journey is longer, harder, and more personal than most people think.",belts|Gis,0,no,0,0,0,0,,A,,yes,MIGRATE,no,
article,article,gid://shopify/Article/611147546906,1912 Jiu-Jitsu Demo – The Roots of BJJ?,1912-jiu-jitsu-demo-the-roots-of-bjj,blog,Articles,/blogs/blog/1912-jiu-jitsu-demo-the-roots-of-bjj,true,2025-05-29T07:58:12Z,2025-05-29T07:58:01Z,2025-05-29T07:58:36Z,JJB Admin,true,158,html,363,763,true,https://cdn.shopify.com/s/files/1/0363/5125/articles/1912_BJJ_Demo.png?v=1748505516,,,"Rare 1912 jiu-jitsu demo by Tobari & Miyake, contemporaries of Maeda, shows techniques that may have shaped early Brazilian Jiu-Jitsu.",,0,yes,1,0,0,0,,C,embed,yes,MIGRATE,no,
article,article,gid://shopify/Article/405423161404,Roger Gracie – The Story of the Greatest Grappler of All Time,roger-gracie,blog,Articles,/blogs/blog/roger-gracie,true,2025-06-05T23:00:00Z,2020-01-04T02:35:33Z,2025-06-06T08:33:34Z,JJB Admin,true,165,html,7197,7984,true,https://cdn.shopify.com/s/files/1/0363/5125/articles/Roger_Gracie_edbb51b9-e514-48fd-908f-c73b093628d1.png?v=1749198814,,,"Discover the legacy of Roger Gracie, 10x IBJJF World Champion and ADCC legend. Never submitted in competition, his mastery of fundamentals changed Jiu Jitsu forever.",belts|patches|rashguards,0,no,0,0,0,0,,A,,yes,MIGRATE,no,
technique,technique,gid://shopify/Article/611609674010,Open Guard Fundamentals with Leigh Remedios,open-guard-fundamentals-with-leigh-remedios,techniques,Techniques,/blogs/techniques/open-guard-fundamentals-with-leigh-remedios,true,2025-06-20T14:22:41Z,2025-06-20T14:22:44Z,2025-06-20T14:22:45Z,JJB Admin,true,181,html,463,760,true,https://cdn.shopify.com/s/files/1/0363/5125/articles/Copy_of_Leigh_Vid_1_copy.png?v=1750429365,,,"BJJ legend Leigh Remedios teaches grip control, hip distance, and key guard points in Part 1 of his Fisherman Buttscoot™ open guard series.",Gis|shorts,0,yes,1,0,0,0,,C,embed;product-like-tags,yes,MIGRATE,no,Tags look like Shopify product collection tags; strip on import
article,article,gid://shopify/Article/405424341052,The Shared Path of Jiu Jitsu and Yoga,yoga-jiu-jitsu-a-natural-symbiosis,blog,Articles,/blogs/blog/yoga-jiu-jitsu-a-natural-symbiosis,true,2025-06-24T07:52:22Z,2020-01-04T02:36:29Z,2025-06-24T12:50:48Z,JJB Admin,true,193,html,6543,6988,true,https://cdn.shopify.com/s/files/1/0363/5125/articles/JJB_Thumbnail.png?v=1750769448,,,"A yoga teacher shares how Brazilian Jiu Jitsu reshaped her practice, mindset, and resilience—showing the deep connection between presence and movement.",Gis|rashguards,0,no,0,0,0,0,,A,,yes,MIGRATE,no,
article,article,gid://shopify/Article/611796418842,The World of Grappling: An A–Z Tour of Wrestling Arts,the-world-of-grappling-an-a-z-tour-of-wrestling-arts,blog,Articles,/blogs/blog/the-world-of-grappling-an-a-z-tour-of-wrestling-arts,true,2025-07-07T08:24:20Z,2025-07-07T08:24:16Z,2025-07-07T08:24:24Z,JJB Admin,true,187,html,24517,27074,true,https://cdn.shopify.com/s/files/1/0363/5125/articles/JJB_Thumbnail_880b57dd-082d-4105-b359-ab11f1a544a2.png?v=1751876664,,,"Explore 50+ grappling styles from around the world in this A–Z guide—featuring BJJ, sambo, sumo, catch wrestling, judo, and rare folk traditions.",hoodies|rashguards|shorts,0,no,0,0,0,0,,A,,yes,MIGRATE,no,
technique,technique,gid://shopify/Article/611987980570,Collar and Sleeve Guard: Troubleshooting and Entry,collar-and-sleeve-guard-troubleshooting-and-entry,techniques,Techniques,/blogs/techniques/collar-and-sleeve-guard-troubleshooting-and-entry,true,2025-07-14T09:25:12Z,2025-07-14T08:10:51Z,2025-07-14T09:25:15Z,JJB Admin,true,166,html,444,932,true,https://cdn.shopify.com/s/files/1/0363/5125/articles/Leigh_Vid_2.png?v=1752485115,,,Leigh Remedios shows how to enter collar and sleeve guard from seated guard using his Fisherman Buttscoot™ and explains key principles for maintaining control.,,0,yes,1,0,0,0,,C,embed,yes,MIGRATE,no,
article,article,gid://shopify/Article/612180689178,Myths and Misunderstandings About Fat Loss,myths-and-misunderstandings-about-fat-loss,blog,Articles,/blogs/blog/myths-and-misunderstandings-about-fat-loss,true,2025-07-21T09:53:55Z,2025-07-21T09:53:50Z,2025-07-21T09:59:57Z,JJB Admin,true,146,html,10798,12150,true,https://cdn.shopify.com/s/files/1/0363/5125/articles/Fat_Loss_Myths.png?v=1753091997,,,"Debunking 3 fat loss myths: insulin, ketosis, and fasting. What really matters for losing fat and keeping muscle is simpler than you think.",,0,no,0,0,7,0,,A,,yes,MIGRATE,no,
technique,technique,gid://shopify/Article/612417077530,Collar Grip to Ankle Pick,collar-grip-to-ankle-pick,techniques,Techniques,/blogs/techniques/collar-grip-to-ankle-pick,true,2025-07-29T08:29:44Z,2025-07-29T08:29:46Z,2025-07-29T08:30:19Z,JJB Admin,true,164,html,680,1027,true,https://cdn.shopify.com/s/files/1/0363/5125/articles/Leigh_Vids.png?v=1753777819,,Collar Grip to Ankle Pick,"Leigh Remedios shows a sneaky ankle pick sweep from seated guard, using collar grip reactions and timing to off-balance your opponent with ease.",,0,yes,1,0,0,0,,C,embed,yes,MIGRATE,no,
article,article,gid://shopify/Article/612425957658,"A Goodbye to My Friend, Oli Geddes",a-goodbye-to-my-friend-oli-geddes,blog,Articles,/blogs/blog/a-goodbye-to-my-friend-oli-geddes,true,2025-07-29T15:55:01Z,2025-07-29T15:54:59Z,2025-08-05T07:28:19Z,JJB Admin,true,172,html,2378,2533,true,https://cdn.shopify.com/s/files/1/0363/5125/articles/Copy_of_Leigh_Vids_ef004aa3-3ab9-4d4a-bda1-5ec578282167.png?v=1754378899,,,"A heartfelt tribute to Oli Geddes: UK BJJ legend, devoted teacher and inspirer, who passed away at 40 after a brave cancer battle.",,0,no,0,0,0,0,,A,,yes,MIGRATE,no,
article,article,gid://shopify/Article/405422735420,Utilising the Pareto Principle for Jiu Jitsu,pareto-principle-for-jiu-jitsu,blog,Articles,/blogs/blog/pareto-principle-for-jiu-jitsu,true,2025-04-20T23:00:00Z,2020-01-04T02:35:20Z,2025-08-05T07:48:03Z,JJB Admin,true,190,html,3713,4783,true,https://cdn.shopify.com/s/files/1/0363/5125/articles/Pareto_Principle.png?v=1754380083,,,"Unlock faster Jiu Jitsu progress by applying the 80/20 rule—focus on the key techniques that deliver the biggest results. Train smarter, not harder.",Gis|rashguards,0,no,0,0,0,0,,A,,yes,MIGRATE,no,
article,article,gid://shopify/Article/405423358012,Control Your Breathing: The Most Important Technique You’re Not Training,control-your-breathing,blog,Articles,/blogs/blog/control-your-breathing,true,2025-08-04T23:00:00Z,2020-01-04T02:35:40Z,2025-08-05T12:45:05Z,JJB Admin,true,189,html,5683,6307,true,https://cdn.shopify.com/s/files/1/0363/5125/articles/Breathe_a08f6db9-c65e-4a2d-8e1e-5c042291d75e.png?v=1754397905,,,"Learn why poor breathing—not poor cardio—might be the real reason you're gassing out in Jiu Jitsu, and how to fix it with simple, effective habits.",Gis|rashguards,0,no,0,0,0,0,,A,,yes,MIGRATE,no,
article,article,gid://shopify/Article/612783128858,Protect and Heal Your Neck in Jiu Jitsu,protect-and-heal-your-neck-in-jiu-jitsu,blog,Articles,/blogs/blog/protect-and-heal-your-neck-in-jiu-jitsu,true,2025-09-03T07:53:29Z,2025-09-03T07:53:35Z,2025-09-03T07:53:35Z,JJB Admin,true,179,html,2091,2354,true,https://cdn.shopify.com/s/files/1/0363/5125/articles/GLP_1_Neck.png?v=1756886015,,,"Protect your neck in Jiu Jitsu with Miad Najafi’s Grappler’s Longevity Program—practical exercises, injury prevention, and recovery tips.",belts|Gis|hoodies,0,yes,1,0,0,0,,C,embed,yes,MIGRATE,no,
article,article,gid://shopify/Article/612855578906,Just What Are Fundamentals?,just-what-are-fundamentals,blog,Articles,/blogs/blog/just-what-are-fundamentals,true,2025-09-18T11:45:44Z,2025-09-18T11:45:50Z,2025-09-18T11:47:16Z,JJB Admin,true,179,html,9309,11534,true,https://cdn.shopify.com/s/files/1/0363/5125/articles/What_Are_Fundamentals.png?v=1758196036,,,"Discover the true fundamentals of Brazilian Jiu Jitsu – key concepts, core techniques, and why they matter from white belt to black belt.",,0,no,0,0,0,0,,A,,yes,MIGRATE,no,
article,article,gid://shopify/Article/612892246298,"BJJ Over 40, 50 & Beyond | Tips for Older Grapplers",bjj-over-40-50-beyond-tips-for-older-grapplers,blog,Articles,/blogs/blog/bjj-over-40-50-beyond-tips-for-older-grapplers,true,2025-09-24T12:29:06Z,2025-09-24T12:29:40Z,2025-09-24T12:30:49Z,JJB Admin,true,147,html,622,937,true,https://cdn.shopify.com/s/files/1/0363/5125/articles/Green_Fitness_YouTube_Thumbnail.png?v=1758717049,,,"BJJ over 40, 50 & beyond? Dr Marc shares 5 proven tips to train smart, avoid injuries, and keep enjoying Brazilian Jiu Jitsu for years to come.",Gis|hoodies,0,yes,1,0,0,0,,C,embed,yes,MIGRATE,no,
article,article,gid://shopify/Article/405424963644,Why Every Grappler Needs Stand-Up Skills,understanding-takedowns-in-jiu-jitsu,blog,Articles,/blogs/blog/understanding-takedowns-in-jiu-jitsu,true,2025-10-03T07:36:23Z,2020-01-04T02:36:57Z,2025-10-03T07:38:09Z,JJB Admin,true,138,html,6861,7195,true,https://cdn.shopify.com/s/files/1/0363/5125/articles/Dont_Skip_Stand_Up.png?v=1759477089,,Competing in Jiu Jitsu? Don't Neglect Your Stand-Up Game...,Every fight starts standing. Discover why stand-up training is vital for grapplers who want a complete Jiu Jitsu game.,belts|Gis|patches,0,no,0,0,0,0,,A,,yes,MIGRATE,no,
technique,technique,gid://shopify/Article/612952834330,The Complete Underhook Half Guard System - Sweeps & Back Takes,the-complete-underhook-half-guard-system-sweeps-back-takes,techniques,Techniques,/blogs/techniques/the-complete-underhook-half-guard-system-sweeps-back-takes,true,2025-10-07T14:18:39Z,2025-10-07T14:17:46Z,2025-10-07T14:18:42Z,JJB Admin,true,159,html,377,775,true,https://cdn.shopify.com/s/files/1/0363/5125/articles/Sweeps_Back_Takes_Half_Guard.png?v=1759846722,,,"Miad Najafi teaches his Half Guard Underhook Series — a complete system built from one of Jiu Jitsu’s most reliable positions, the underhook half guard.",belts|hoodies,0,yes,1,0,0,0,,C,embed;product-like-tags,yes,MIGRATE,no,Tags look like Shopify product collection tags; strip on import
technique,technique,gid://shopify/Article/613045076250,Tripod Sweep from the Jelly Guard,tripod-sweep-from-the-jelly-guard,techniques,Techniques,/blogs/techniques/tripod-sweep-from-the-jelly-guard,true,2025-10-20T07:28:57Z,2025-10-20T07:29:10Z,2025-10-20T07:29:10Z,JJB Admin,false,0,html,427,775,true,https://cdn.shopify.com/s/files/1/0363/5125/articles/What_is_Jelly_Guard.png?v=1760945350,,,"BJJ black belt Leigh Remedios demonstrates the Tripod Sweep from Jelly Guard, showing how to control and sweep smoothly from open guard.",,0,yes,1,0,0,0,,C,embed,yes,MIGRATE,no,
article,article,gid://shopify/Article/405423030332,A Jiu Jitsu Experience,a-jiu-jitsu-experience,blog,Articles,/blogs/blog/a-jiu-jitsu-experience,true,2025-10-22T23:00:00Z,2020-01-04T02:35:29Z,2025-10-23T07:46:19Z,JJB Admin,true,196,html,2701,2864,true,https://cdn.shopify.com/s/files/1/0363/5125/articles/BJJ_Experience.png?v=1761205579,,,"A late starter shares what Jiu Jitsu taught him about consistency, fitness, and patience after beginning at 34. Real lessons from the mat, not theory.",Gis|rashguards,0,no,0,0,0,0,,A,,yes,MIGRATE,no,
article,article,gid://shopify/Article/410369458236,The Four Main Positions in Jiu-Jitsu,main-positions-jiu-jitsu,blog,Articles,/blogs/blog/main-positions-jiu-jitsu,true,2021-06-28T07:11:56Z,2020-01-16T00:53:51Z,2025-10-25T10:00:53Z,JJB Admin,true,67,html,2419,3078,true,https://cdn.shopify.com/s/files/1/0363/5125/articles/4_Positions.png?v=1761386453,,,An explanation of the four main positions encountered in jiu jitsu.,belts|patches|rashguards,4,no,0,0,0,0,,A,,yes,MIGRATE,no,
technique,technique,gid://shopify/Article/613236539674,The De La Riva Balloon Sweep Made Easy,the-de-la-riva-balloon-sweep-made-easy,techniques,Techniques,/blogs/techniques/the-de-la-riva-balloon-sweep-made-easy,true,2025-11-01T17:40:20Z,2025-11-01T17:40:22Z,2025-11-01T17:40:23Z,JJB Admin,true,177,html,454,673,true,https://cdn.shopify.com/s/files/1/0363/5125/articles/DLR_Balloon_Sweep.png?v=1762018823,,,"Learn the De La Riva Balloon Sweep — a smooth, posture-breaking sweep that takes your opponent overhead and lands you cleanly in mount.",belts|hoodies,0,yes,1,0,0,0,,C,embed;product-like-tags,yes,MIGRATE,no,Tags look like Shopify product collection tags; strip on import
article,article,gid://shopify/Article/405422604348,How Mental Rehearsal Improves Your Jiu Jitsu,using-your-minds-eye-visualization-for-jiu-jitsu,blog,Articles,/blogs/blog/using-your-minds-eye-visualization-for-jiu-jitsu,true,2025-08-24T08:00:00Z,2020-01-04T02:35:16Z,2025-11-07T08:42:05Z,JJB Admin,true,182,html,5782,6297,true,https://cdn.shopify.com/s/files/1/0363/5125/articles/Copy_of_Copy_of_Leigh_Vids.png?v=1762504925,,,"Learn how to use visualisation to improve your Jiu Jitsu. Strengthen the mind-body connection, sharpen technique, and enhance performance through mental training.",Gis|rashguards,0,no,0,0,0,0,,A,,yes,MIGRATE,no,
article,article,gid://shopify/Article/405422833724,The Science of Joint Locks in Jiu Jitsu,joint-locks-in-jiu-jitsu,blog,Articles,/blogs/blog/joint-locks-in-jiu-jitsu,true,2025-11-07T00:00:00Z,2020-01-04T02:35:24Z,2025-11-07T09:12:55Z,JJB Admin,true,184,html,10616,11450,true,https://cdn.shopify.com/s/files/1/0363/5125/articles/Armbar_Science_copy.png?v=1762506775,,,"Explore the biomechanics and physics of joint locks in Jiu Jitsu — how torque, leverage, and control make submissions effective and efficient.",Gis|rashguards,0,no,0,0,0,0,,A,,yes,MIGRATE,no,
technique,technique,gid://shopify/Article/613468864794,Oliver Geddes Teaches the S Grip Arm Triangle,oliver-geddes-teaches-the-s-grip-arm-triangle,techniques,Techniques,/blogs/techniques/oliver-geddes-teaches-the-s-grip-arm-triangle,true,2025-11-17T13:50:56Z,2025-11-17T13:50:52Z,2025-11-17T13:51:00Z,JJB Admin,true,175,html,1618,2010,true,https://cdn.shopify.com/s/files/1/0363/5125/articles/Oli_Thumbnail-3.png?v=1763387460,,,"A focused breakdown of Oliver Geddes’ S-grip arm triangle, supporting the Oliver Geddes Foundation and celebrating his impact in BJJ.",,0,yes,1,0,0,0,,C,embed,yes,MIGRATE,no,
article,article,gid://shopify/Article/405424570428,Five Core Principles of Guard Retention,5-tips-to-instantly-improve-your-guard,blog,Articles,/blogs/blog/5-tips-to-instantly-improve-your-guard,true,2025-11-24T07:52:00Z,2020-01-04T02:36:39Z,2025-11-24T10:41:39Z,JJB Admin,true,177,html,6397,6950,true,https://cdn.shopify.com/s/files/1/0363/5125/articles/CovHGBR-q_k-HD.jpg?v=1763980890,,,"A practical guide to guard retention, covering key principles, gi adjustments, and simple tactics to stop passes, stay mobile, and turn defence into offence.",patches|rashguards,0,yes,1,0,0,0,,C,embed,yes,MIGRATE,no,
article,article,gid://shopify/Article/405426733116,Eddie Bravo: A Jiu Jitsu Original,eddie-bravo-a-jiu-jitsu-original,blog,Articles,/blogs/blog/eddie-bravo-a-jiu-jitsu-original,true,2018-07-08T23:00:00Z,2020-01-04T02:38:31Z,2025-12-03T16:29:02Z,JJB Admin,true,153,html,11027,11752,true,https://cdn.shopify.com/s/files/1/0363/5125/articles/Eddie_Bravo_99ee9c96-af2c-417e-81e4-0e334e5f6c8e.png?v=1764779342,,Eddie Bravo: A Jiu Jitsu Original,"Love him or hate him, Eddie Bravo is one of the most influential figures in the jiu jitsu, having built an empire using his unique personality and style.",belts|Gis|rashguards,1,no,0,1,2,1,http://www.jiujitsubrotherhood.com/wp-content/uploads/eddie-bravo-royler-gracie-metamoris.jpg,A,,yes,MIGRATE,no,
article,article,gid://shopify/Article/906264595,The Value of Bad Positions in Jiu Jitsu,no-bad-positions-in-jiu-jitsu,blog,Articles,/blogs/blog/no-bad-positions-in-jiu-jitsu,true,2025-12-13T10:50:00Z,2017-11-08T10:42:30Z,2025-12-13T11:12:20Z,JJB Admin,true,142,html,4575,5045,true,https://cdn.shopify.com/s/files/1/0363/5125/articles/No_Bad_Positions.png?v=1765624340,,,"There are no bad positions, only unfamiliar ones. Why learning to stay calm under pressure changes how you train and roll.",patches|rashguards|spats,0,no,0,0,0,0,,A,,yes,MIGRATE,no,
article,article,gid://shopify/Article/614036013338,"Stronger, Healthier Shoulders for Jiu Jitsu",stronger-healthier-shoulders-for-jiu-jitsu,blog,Articles,/blogs/blog/stronger-healthier-shoulders-for-jiu-jitsu,true,2025-12-30T14:47:23Z,2025-12-30T14:47:50Z,2025-12-30T14:47:50Z,JJB Admin,true,176,html,1948,2730,true,https://cdn.shopify.com/s/files/1/0363/5125/articles/GLP_2_Shoulder.png?v=1767106070,,,"Protect and strengthen your shoulders for Jiu Jitsu. Learn anatomy, injury risks, and simple mobility and strength exercises for long-term grappling health.",,0,yes,1,0,0,0,,C,embed,yes,MIGRATE,no,
article,article,gid://shopify/Article/405425881148,10 Reasons Your Jiu Jitsu Isn't Getting Better,10-reasons-your-jiu-jitsu-isnt-getting-better,blog,Articles,/blogs/blog/10-reasons-your-jiu-jitsu-isnt-getting-better,true,2026-01-06T08:30:08Z,2020-01-04T02:37:43Z,2026-01-06T12:45:37Z,JJB Admin,true,179,html,4419,6303,true,https://cdn.shopify.com/s/files/1/0363/5125/articles/Break_Plateau_copy.png?v=1767703537,,,Feeling stuck in your Jiu Jitsu journey? Discover 10 reasons progress stalls—and how to break through your plateau with smarter training.,belts|spats,0,no,0,0,0,0,,A,,yes,MIGRATE,no,
article,article,gid://shopify/Article/614454264090,How to Roll as an Older Grappler (Without Breaking Yourself),how-to-roll-as-an-older-grappler-without-breaking-yourself,blog,Articles,/blogs/blog/how-to-roll-as-an-older-grappler-without-breaking-yourself,true,2026-01-22T13:35:34Z,2026-01-22T13:35:38Z,2026-01-22T13:38:06Z,JJB Admin,true,158,html,960,1346,true,https://cdn.shopify.com/s/files/1/0363/5125/articles/Old_Man_Rolling_Tips-2.png?v=1769089086,,,"Learn how to roll BJJ over 40 without injuries. Practical advice for older grapplers on pacing, pressure, and building a sustainable game.",belts|Gis|hoodies,0,yes,1,0,0,0,,C,embed,yes,MIGRATE,no,
article,article,gid://shopify/Article/605902209306,How to Overcome Low Back Pain in Brazilian Jiu-Jitsu,how-to-overcome-low-back-pain-in-brazilian-jiu-jitsu,blog,Articles,/blogs/blog/how-to-overcome-low-back-pain-in-brazilian-jiu-jitsu,true,2023-08-19T07:30:58Z,2023-08-17T07:13:05Z,2026-01-22T18:44:54Z,JJB Admin,true,300,html,16419,20613,true,https://cdn.shopify.com/s/files/1/0363/5125/articles/Hoe_to_Overcome_Back_Pain_18ca15d7-9654-4b69-85f7-2d6ecc92a9c0.png?v=1769107494,,,"The article offers practical insights into understanding and addressing one of the common issues many practitioners face. The author shares valuable tips, exercises, and preventive measures to help alleviate and prevent low back pain, contributing to a healthier and more enjoyable Jiu-Jitsu journey.",belts|patches|spats,3,yes,10,0,13,0,,C,embed,yes,MIGRATE,no,
article,article,gid://shopify/Article/557199065148,Back Pain and Jiu Jitsu,back-pain-and-jiu-jitsu,blog,Articles,/blogs/blog/back-pain-and-jiu-jitsu,true,2022-10-03T10:28:12Z,2022-10-03T10:17:38Z,2026-01-22T18:46:33Z,JJB Admin,true,401,html,8289,9818,true,https://cdn.shopify.com/s/files/1/0363/5125/articles/Back_pain_and_Jiu_Jitsu.png?v=1769107593,,,"The article, written by a jiu jitsu black belt and medical doctor, explores the common causes of back pain in BJJ and provides practical insights into prevention and management.",patches|rashguards|spats,4,yes,1,0,2,0,,C,embed,yes,MIGRATE,no,
article,article,gid://shopify/Article/405426864188,The Evolution of Jiu Jitsu,the-evolution-of-jiu-jitsu,blog,Articles,/blogs/blog/the-evolution-of-jiu-jitsu,true,2026-01-28T00:00:00Z,2020-01-04T02:38:36Z,2026-01-28T13:48:03Z,JJB Admin,true,166,html,7285,7674,true,https://cdn.shopify.com/s/files/1/0363/5125/articles/Copy_of_Break_Plateau_copy_2.png?v=1769608083,,The Evolution of Jiu Jitsu- Jiu Jitsu Brotherhood,"A reflective look at how Brazilian Jiu Jitsu has evolved from its early roots into a modern, global practice shaped by sport, culture, and change.",belts|Gis|patches,0,no,0,0,0,0,,A,,yes,MIGRATE,no,
technique,technique,gid://shopify/Article/614831489306,Oliver Geddes Teaches the Ezekiel Choke from Arm Triangle,oliver-geddes-teaches-the-ezekiel-choke-from-arm-triangle,techniques,Techniques,/blogs/techniques/oliver-geddes-teaches-the-ezekiel-choke-from-arm-triangle,true,2026-02-05T11:18:27Z,2026-02-05T11:18:54Z,2026-02-05T11:19:44Z,JJB Admin,true,178,html,1878,2270,true,https://cdn.shopify.com/s/files/1/0363/5125/articles/Oli_Ezekiel_Thumbnail.png?v=1770290384,,,"Oliver Geddes teaches an Ezekiel choke from the arm triangle, continuing his Progressive Jiu Jitsu Project series and supporting the Oliver Geddes Foundation.",,0,yes,1,0,0,0,,C,embed,yes,MIGRATE,no,
article,article,gid://shopify/Article/604536930586,If Sambo Was Easy It Would Be Called Jiu Jitsu,if-sambo-was-easy-it-would-be-called-jiu-jitsu,blog,Articles,/blogs/blog/if-sambo-was-easy-it-would-be-called-jiu-jitsu,true,2023-01-12T16:00:22Z,2023-01-03T15:31:18Z,2026-02-10T08:51:08Z,JJB Admin,true,117,html,5735,6561,true,https://cdn.shopify.com/s/files/1/0363/5125/articles/Jiu_JItsu_Easy_Sambo.png?v=1770713468,,,The article provides a thought-provoking perspective on the intricacies and challenges inherent in both martial arts.,patches|rashguards|spats,1,no,0,0,3,0,,A,,yes,MIGRATE,no,
article,article,gid://shopify/Article/614973538586,"Why Discipline, Not Insight, Changes a Life",why-discipline-not-insight-changes-a-life,blog,Articles,/blogs/blog/why-discipline-not-insight-changes-a-life,true,2026-02-10T08:51:33Z,2026-02-10T08:52:41Z,2026-02-10T09:10:06Z,JJB Admin,true,153,html,14102,15907,true,https://cdn.shopify.com/s/files/1/0363/5125/articles/discipline_v_insight.png?v=1770714606,,,"BJJ mindset, discipline, and personal growth. What getting submitted teaches about ego, pressure, and real change on and off the mat.",,2,no,0,0,1,0,,A,,yes,MIGRATE,no,
technique,technique,gid://shopify/Article/615406797082,How to Defend Heel Hooks (And Why It Makes Your Offence Better),how-to-defend-heel-hooks-and-why-it-makes-your-offence-better,techniques,Techniques,/blogs/techniques/how-to-defend-heel-hooks-and-why-it-makes-your-offence-better,true,2026-02-25T15:05:34Z,2026-02-25T15:05:39Z,2026-02-25T15:05:40Z,JJB Admin,true,169,html,497,1085,true,https://cdn.shopify.com/s/files/1/0363/5125/articles/Heel_Hook_Defence.png?v=1772031940,,,"Heel hook defence with Leigh Remedios. Learn roll out, heel slip, toe slip and pummel escapes, and why better defence improves your leg lock attacks.",,0,yes,1,0,0,0,,C,embed,yes,MIGRATE,no,
technique,technique,gid://shopify/Article/612676895002,Using Kazushi to Hit the Ankle Pick,using-kazushi-to-hit-the-ankle-pick,techniques,Techniques,/blogs/techniques/using-kazushi-to-hit-the-ankle-pick,true,2025-08-14T11:13:15Z,2025-08-14T11:13:18Z,2026-02-25T15:06:42Z,JJB Admin,true,125,html,469,688,true,https://cdn.shopify.com/s/files/1/0363/5125/articles/Leigh_Vids_12b87068-6b59-40d8-9d88-caafe79040c7.png?v=1772032002,,,Leigh Remedios shows how to apply Kazushi from Judo to set up a clean ankle pick sweep from seated guard.,,0,yes,1,0,0,0,,C,embed,yes,MIGRATE,no,
article,article,gid://shopify/Article/405423882300,Does Jiu Jitsu Still Have a Place in MMA?,martial-arts-styles,blog,Articles,/blogs/blog/martial-arts-styles,true,2026-03-09T05:00:00Z,2020-01-04T02:36:06Z,2026-03-09T10:16:44Z,JJB Admin,true,148,html,6409,7071,true,https://cdn.shopify.com/s/files/1/0363/5125/articles/Copy_of_discipline_v_insight_07f746b0-f759-4c23-adf5-c29f089dab06.png?v=1773051404,,,"Does Jiu Jitsu still matter in modern MMA? A look at how submission grappling fits into today’s wrestling-heavy, striking-focused fight game.",Gis|rashguards,0,no,0,0,1,0,,A,,yes,MIGRATE,no,
technique,technique,gid://shopify/Article/616093188378,Lapel Guard to Gubber Guard | High-Percentage Chokes,lapel-guard-to-gubber-guard-high-percentage-chokes,techniques,Techniques,/blogs/techniques/lapel-guard-to-gubber-guard-high-percentage-chokes,true,2026-03-19T13:08:52Z,2026-03-19T13:05:44Z,2026-03-19T13:09:22Z,JJB Admin,true,171,html,572,898,true,https://cdn.shopify.com/s/files/1/0363/5125/articles/Lape_Gubber_Thumb_f974e007-141e-40e6-82ef-5d892f531de6.png?v=1773925762,,,"Struggling to finish chokes? Learn lapel guard attacks, the invisible choke, and Gubber Guard setups with one simple tip to make your submissions work.",,0,yes,1,0,0,0,,C,embed,yes,MIGRATE,no,
article,article,gid://shopify/Article/405422866492,Our Top 10 Tips for First Time Competitors,brazilian-jiu-jitsu-competitions,blog,Articles,/blogs/blog/brazilian-jiu-jitsu-competitions,true,2026-03-27T16:02:34Z,2020-01-04T02:35:25Z,2026-03-27T16:03:39Z,JJB Admin,true,154,html,4186,11562,true,https://cdn.shopify.com/s/files/1/0363/5125/articles/First_Comp.png?v=1774627419,,Entering Your First Jiu JItsu Competition?,"First BJJ competition? Learn how to manage nerves, prepare properly, and perform your best with these 10 essential tips for beginners.",Gis|rashguards,0,no,0,0,0,0,,A,,yes,MIGRATE,no,Competition advice article — not a JJB past event
technique,technique,gid://shopify/Article/616858681626,De La Riva to Sit-Up Guard: 3 Easy Sweeps,de-la-riva-to-sit-up-guard-3-easy-sweeps,techniques,Techniques,/blogs/techniques/de-la-riva-to-sit-up-guard-3-easy-sweeps,true,2026-04-05T08:09:59Z,2026-04-05T08:09:48Z,2026-04-13T07:08:57Z,JJB Admin,true,133,html,277,643,true,https://cdn.shopify.com/s/files/1/0363/5125/articles/DLR_Sit_Up_Sweeps_8b0d36e8-ac72-4180-9a15-dc2b89100aa4.png?v=1776064137,,,"De La Riva to sit-up guard made simple. Learn 3 easy, high-percentage sweeps you can use immediately in training.",,0,yes,1,0,0,0,,C,embed,yes,MIGRATE,no,
article,article,gid://shopify/Article/405426241596,Leg Locks 101: A Beginner’s Guide to Leg Locks in BJJ,leg-locks-101,blog,Articles,/blogs/blog/leg-locks-101,true,2026-04-18T08:23:00Z,2020-01-04T02:37:59Z,2026-04-18T12:14:14Z,JJB Admin,true,187,html,4930,13515,true,https://cdn.shopify.com/s/files/1/0363/5125/articles/Copy_of_DLR_Sit_Up_Sweeps_3360f4e4-753b-4b7a-9dd2-c773e28572fe.png?v=1776514454,,,"Beginner’s guide to BJJ leg locks. Learn positions, straight ankle locks, safety, and how to start using leg attacks effectively in gi and no-gi.",Gis|rashguards|spats,0,no,0,0,0,0,,A,,yes,MIGRATE,no,
technique,technique,gid://shopify/Article/618006315290,Bow & Arrow Countered? Here’s the Fix,bow-arrow-countered-here-s-the-fix,techniques,Techniques,/blogs/techniques/bow-arrow-countered-here-s-the-fix,true,2026-04-27T11:27:37Z,2026-04-27T11:27:40Z,2026-04-27T12:00:01Z,JJB Admin,true,159,html,1699,3217,true,https://cdn.shopify.com/s/files/1/0363/5125/articles/Oli_Bow_Arrow_Thumbnail_fa7eab63-2e25-4978-9f37-d8d8874727bb.png?v=1777291201,,,Bow & arrow choke re-roll counter by Oliver Geddes. Simple fix when opponent blocks. Classic BJJ detail from a legendary UK black belt.,,0,yes,1,1,0,0,,C,embed,yes,MIGRATE,no,
article,article,gid://shopify/Article/618591781146,Reflections on My Early Days,reflections-on-my-early-days,blog,Articles,/blogs/blog/reflections-on-my-early-days,true,2026-05-06T07:55:41Z,2026-05-06T07:56:18Z,2026-05-06T16:16:41Z,JJB Admin,true,165,html,9311,10816,true,https://cdn.shopify.com/s/files/1/0363/5125/articles/Copy_of_Choke_from_Knee_on_Chest_3d0d2bb8-3f1b-4fd5-8686-9f6e34d819f6.png?v=1778084201,,,"A personal reflection on the early days of UK Brazilian Jiu Jitsu, the teachers who shaped me, and the lessons learned over 20 years on the mats.",,2,no,0,0,1,0,,A,,yes,MIGRATE,no,
article,article,gid://shopify/Article/618973430042,Should You Train BJJ When You're Sick? (Doctor and Black Belt Explains),should-you-train-bjj-when-youre-sick-doctor-and-black-belt-explains,blog,Articles,/blogs/blog/should-you-train-bjj-when-youre-sick-doctor-and-black-belt-explains,true,2026-05-12T07:50:32Z,2026-05-12T07:50:36Z,2026-05-12T07:50:36Z,JJB Admin,true,168,html,856,1190,true,https://cdn.shopify.com/s/files/1/0363/5125/articles/Should_You_Train_Sick_Thumbnail.png?v=1778572236,,,"Should you train BJJ when you're sick? A doctor and black belt explains the risks, when to rest, and how to return safely to the mats after illness.",,0,yes,1,0,0,0,,C,embed,yes,MIGRATE,no,
article,article,gid://shopify/Article/405425586236,Why You Should Compete at Least Once in BJJ,why-you-should-compete-at-least-once-in-bjj,blog,Articles,/blogs/blog/why-you-should-compete-at-least-once-in-bjj,true,2026-05-17T23:00:00Z,2020-01-04T02:37:31Z,2026-05-18T10:26:13Z,JJB Admin,true,187,html,6405,9371,true,https://cdn.shopify.com/s/files/1/0363/5125/articles/Copy_of_Copy_of_Lape_Gubber_Thumb_b201b494-77a1-4fc0-a7a0-6a416867d6b2.png?v=1779099973,,,"Thinking about entering your first BJJ competition? Discover why every Jiu Jitsu practitioner should compete at least once, regardless of age, experience, or ambition.",Gis|rashguards,0,no,0,0,0,0,,A,,yes,MIGRATE,no,
technique,technique,gid://shopify/Article/619297866010,Inside vs Outside Heel Hooks: Which Is Stronger?,inside-vs-outside-heel-hooks-which-is-stronger,techniques,Techniques,/blogs/techniques/inside-vs-outside-heel-hooks-which-is-stronger,true,2026-06-01T06:45:30Z,2026-06-01T06:45:33Z,2026-06-01T06:45:33Z,JJB Admin,true,161,html,1000,1320,true,https://cdn.shopify.com/s/files/1/0363/5125/articles/Copy_of_DLR_Sit_Up_Sweeps_4c411bea-fdc4-402e-88cf-d7fb12e37455.png?v=1780296333,,,"Leigh Remedios explains the key differences between inside and outside heel hooks, and why the inside heel hook is often considered superior.",belts|gi|Gis|hoodies,0,yes,1,0,1,0,,C,embed;product-like-tags,yes,MIGRATE,no,Tags look like Shopify product collection tags; strip on import
article,article,gid://shopify/Article/619391877402,The Surprising Health Benefits of Strength Training,the-surprising-health-benefits-of-strength-training,blog,Articles,/blogs/blog/the-surprising-health-benefits-of-strength-training,true,2026-06-13T15:20:13Z,2026-06-13T15:20:15Z,2026-06-13T15:21:51Z,JJB Admin,false,0,html,9518,11997,true,https://cdn.shopify.com/s/files/1/0363/5125/articles/Copy_of_DLR_Sit_Up_Sweeps_10afbde8-40b9-46ed-9e91-8d69453d21ae.png?v=1781364111,,,"The surprising health benefits of strength training, from preserving muscle and bone density to improving longevity and quality of life.",,0,no,0,0,1,0,,A,,yes,MIGRATE,no,
technique,technique,gid://shopify/Article/619492081946,Closed Guard Omoplata Fundamentals,closed-guard-omoplata-fundamentals,techniques,Techniques,/blogs/techniques/closed-guard-omoplata-fundamentals,true,2026-06-24T10:11:10Z,2026-06-24T10:11:14Z,2026-06-24T10:11:14Z,JJB Admin,false,0,html,1084,1593,true,https://cdn.shopify.com/s/files/1/0363/5125/articles/Fix_Your_Omoplata.png?v=1782295874,,,"Improve your omoplata from closed guard with key setup details, control concepts and finishing mechanics from BJJ coach Younis Nabi.",,0,yes,1,0,1,0,,C,embed,yes,MIGRATE,no,
article,article,gid://shopify/Article/619600347418,Why Every Generation Thinks Jiu Jitsu Has Changed for the Worse,why-every-generation-thinks-jiu-jitsu-has-changed-for-the-worse,blog,Articles,/blogs/blog/why-every-generation-thinks-jiu-jitsu-has-changed-for-the-worse,true,2026-07-10T09:02:57Z,2026-07-10T08:51:45Z,2026-07-10T09:03:01Z,JJB Admin,true,154,html,6676,9241,true,https://cdn.shopify.com/s/files/1/0363/5125/articles/Which_Era.png?v=1783674181,,,Why does every generation think Jiu Jitsu has changed for the worse? A thoughtful look at how the art has evolved through the decades.,,0,no,0,0,0,0,,A,,yes,MIGRATE,no,
technique,technique,gid://shopify/Article/619731222810,Omoplata Roll Escape Counter | Maintaining Control,omoplata-roll-escape-counter-maintaining-control,techniques,Techniques,/blogs/techniques/omoplata-roll-escape-counter-maintaining-control,true,2026-07-29T16:00:44Z,2026-07-29T15:49:40Z,2026-07-29T16:00:47Z,JJB Admin,true,187,html,281,479,true,https://cdn.shopify.com/s/files/1/0363/5125/articles/Copy_of_Copy_of_Copy_of_DLR_Sit_Up_Sweeps_a575b03e-c88d-45d5-8c1b-9299c93a417b.png?v=1785340847,,,"Learn how to counter the common shoulder roll defence to the omoplata. Younis Nabi demonstrates how to maintain control, secure the sweep and transition directly into side control.
",,0,yes,1,0,0,0,,C,embed,yes,MIGRATE,no,
technique,technique,gid://shopify/Article/620012503322,Oliver Geddes – His Go-To Half Guard Pass,oliver-geddes-his-go-to-half-guard-pass,techniques,Techniques,/blogs/techniques/oliver-geddes-his-go-to-half-guard-pass,true,2026-08-26T17:57:48Z,2026-08-26T17:56:33Z,2026-08-26T17:57:51Z,JJB Admin,true,208,html,967,2293,true,https://cdn.shopify.com/s/files/1/0363/5125/articles/Head_Down_Underhook_Half_Guard_Pass.png?v=1787767071,,,"Learn Oliver Geddes’ head-down underhook half guard pass, using head position, pressure and control in this classic BJJ lesson from the Progressive Jiu Jitsu Project.",,0,yes,1,0,0,0,,C,embed,yes,MIGRATE,no,
technique,technique,gid://shopify/Article/620111888666,Heel Hook Details | Leigh Remedios,heel-hook-details-leigh-remedios,techniques,Techniques,/blogs/techniques/heel-hook-details-leigh-remedios,false,,2026-09-08T09:04:37Z,2026-09-08T09:04:37Z,JJB Admin,true,154,html,1191,1615,true,https://cdn.shopify.com/s/files/1/0363/5125/articles/Hand_Positioning_Heel_Hooks.png?v=1788858277,,,"Leigh Remedios explains the key hand, wrist and elbow positioning details for stronger, more controlled heel hooks in BJJ and submission grappling.",,0,yes,1,0,1,0,,C,embed,yes,MIGRATE_AS_DRAFT,no,
page,page,gid://shopify/Page/48237346876,Contact,contact,,,/pages/contact,true,2009-08-24T23:00:00Z,2020-01-02T00:31:21Z,2020-05-06T08:00:44Z,,false,0,html,0,68,no,,,Contact | The Jiu Jitsu Brotherhood,Contact |,,0,no,0,0,0,0,,D,empty-or-near-empty;wp-shortcode,no,KEEP / REBUILD,no,Contact | WP CF7 shortcode only; rebuild native form
page,page,gid://shopify/Page/48250945596,Blog,blog,,,/pages/blog,true,2014-04-28T23:00:00Z,2020-01-03T02:11:31Z,2020-05-07T08:16:23Z,,false,0,html,0,0,no,,,Blog | The Jiu Jitsu Brotherhood,Blog |,,0,no,0,0,0,0,,D,empty-or-near-empty,no,REDIRECT,no,Approved Phase 2D recommendation: 301 /pages/blog → /blogs/blog (real Articles index). Empty body; no unique content.
page,page,gid://shopify/Page/48250978364,Check Your Email,check-your-email,,,/pages/check-your-email,true,2015-08-09T23:00:00Z,2020-01-03T02:11:39Z,2020-05-07T08:21:37Z,,true,76,html,76,113,no,,,Check Your Email | The Jiu Jitsu Brotherhood,Check Your Email | Please check your email for instructions on how to download your free guide.,,0,no,0,0,0,0,,A,,no,KEEP / REBUILD,yes,Approved: preserve existing MailerLite success behaviour. Keep this page only if ML requires a site-hosted success URL; do not invent a new JJB thank-you flow.
page,page,gid://shopify/Page/48251338812,Home,home,,,/pages/home,false,,2020-01-03T02:11:41Z,2020-05-07T08:21:37Z,,true,150,html,63886,64098,no,,,Home | The Jiu Jitsu Brotherhood,Home | JTNDZGl2JTIwaWQlM0QlMjdjb2xsZWN0aW9uLWNvbXBvbmVudC1lYmM2NWU5ZGU1ZiUyNyUzRSUzQyUyRmRpdiUzRSUwQSUyMCUyMCUyMCUyMCUzQ3NjcmlwdCUyMHR5cGUlM0QlMjJ0ZXh0JTJGamF2YXNjcmlwdCUyMiUzRSUwQSUyMCUyMCUyMCUyMCUyRiUyQSUzQyUyMSU1QkNEQVRBJTVCJTJBJTJGJTBBJTBBJTIwJTIwJTIwJTIwJTI4ZnVuY3Rpb24lMjAlMjglMjklMjAlN0IlMEElMjAlMjAlMjA,,0,no,0,0,0,0,,C,table,yes,REMOVE / 410,no,Shopify homepage page object (unpublished) | Live home is /; do not migrate theme HTML
page,page,gid://shopify/Page/242552071,Special Discount for All Military Personnel,armed-forces,,,/pages/armed-forces,true,2016-12-06T20:07:00Z,2016-12-06T20:41:51Z,2020-05-07T08:24:14Z,,true,150,html,350,631,no,,,Special Discount for All Military Personnel | The Jiu Jitsu Brotherhoo,"Special Discount for All Military Personnel | 
At Jiu Jitsu Brotherhood we have the utmost respect for all members of the armed forces.
We are now offering a 15% discount on all our jiu jitsu products to active duty personnel, reservists, retired or disabled veterans and their immediate families.*
Contact us",,1,no,0,0,0,0,,A,,yes,KEEP,no,Military discount landing | Phase 2A PRESERVE URL; unpublish until feature ships
page,page,gid://shopify/Page/48250912828,Thank You,thank-you,,,/pages/thank-you,true,2014-01-20T00:00:00Z,2020-01-03T02:11:31Z,2020-05-07T08:24:17Z,,true,86,html,86,608,no,,,Thank You | The Jiu Jitsu Brotherhood,"Thank You | 

Thank you for your purchase of:

 
The Black Belt Blueprint
 
Please click here to download",,1,no,0,2,0,1,http://jiujitsubrotherhood.com/wp-content/uploads/Design-4.jpg,A,,yes,REMOVE / 410,no,Obsolete Black Belt Blueprint purchase thank-you. No continuing product relevance.
page,page,gid://shopify/Page/28379643964,Your Discount Coupon,your-discount-coupon,,,/pages/your-discount-coupon,true,2019-04-11T16:57:00Z,2019-04-11T16:57:41Z,2020-05-08T08:27:45Z,,true,96,html,96,209,no,,,Your Discount Coupon | The Jiu Jitsu Brotherhood,"Your Discount Coupon | Thank you! Please use the coupon code
MATLIFE10
at checkout to get 10% off anything in the store",,0,no,0,0,0,0,,A,,yes,REMOVE / 410,no,Approved: MATLIFE10 retired. No active dependency found. Do not recreate obsolete promo page.
page,page,gid://shopify/Page/49278386236,Thank you!,thank-you-1,,,/pages/thank-you-1,true,2020-04-07T19:28:04Z,2020-04-07T19:28:04Z,2020-05-08T08:27:46Z,,true,24,html,24,423,no,,,Thank you! | The Jiu Jitsu Brotherhood,Thank you! | Please check your email.,,0,no,0,0,0,0,,A,,no,REMOVE / 410,no,Thin duplicate check-email page. No unique content.
page,page,gid://shopify/Page/7013957692,Privacy Policy,privacy-policy,,,/pages/privacy-policy,true,2016-09-28T23:00:00Z,2018-05-01T01:07:53Z,2020-05-08T08:33:52Z,,true,150,html,14872,15845,no,,,Privacy Policy | The Jiu Jitsu Brotherhood,"Privacy Policy | Privacy Policy Effective date: April 11, 2018 Jiu Jitsu Brotherhood Ltd (""us"", ""we"", or ""our"") operates the www.jiujitsubrotherhood.com and www.bjjlearning.com websites (the ""Service""). This page informs you of our policies regarding the collection, use, and disclosure of personal data when y",,0,no,0,0,0,0,,A,,yes,KEEP / REBUILD,no,Approved: legal rebuild later for Kingston Jiu Jitsu Ltd as JJB operator. Unpublished/noindex placeholder; do not invent statutory details; do not copy KJJ policies verbatim.
page,page,gid://shopify/Page/48721035324,Thank You For Your Purchase,thank-you-for-your-purchase,,,/pages/thank-you-for-your-purchase,true,2020-02-19T16:50:15Z,2020-02-19T16:50:15Z,2020-05-08T08:42:00Z,,true,69,html,69,108,no,,,Thank You For Your Purchase | The Jiu Jitsu Brotherhood,Thank You For Your Purchase | Thank you for your purchase and supporting the Jiu Jitsu Brotherhood.,,0,no,0,0,0,0,,A,,no,REDIRECT,yes,Generic commerce thank-you. Prefer 301 to Mollie/order confirmation flow when shop launches; until then unpublished/noindex or 410.
page,page,gid://shopify/Page/243009351,Terms and Conditions,terms-conditions,,,/pages/terms-conditions,true,2016-12-17T05:49:00Z,2016-12-17T05:50:23Z,2020-12-06T20:06:10Z,,true,150,html,4255,5500,no,,,Terms &amp; Conditions | The Jiu Jitsu Brotherhood,"Terms & Conditions | RETURNS Digital Products:Please note that we do not offer refunds on digital products. Physical Products: We will gladly accept the return of products that are not of satisfactory quality, fit for purpose, or as described, for 30 days from the date of purchase. Fulfilment mistakes",,0,no,0,0,1,0,,A,,yes,KEEP / REBUILD,no,Approved: legal rebuild later for Kingston Jiu Jitsu Ltd. Unpublished/noindex placeholder; Mollie/UK physical-goods wording only after commerce confirmed.
page,page,gid://shopify/Page/79857614908,CLOSED: Jiu Jitsu Master Academy,closed-jiu-jitsu-master-academy,,,/pages/closed-jiu-jitsu-master-academy,true,2021-04-29T23:29:31Z,2021-04-29T23:29:31Z,2021-04-29T23:29:31Z,,true,150,html,246,614,no,,,,,,0,no,0,1,0,0,,A,,yes,REMOVE / 410,no,Approved Phase 2D: 410. Closed stub only; no SEO metafields; no unique ongoing value.
page,event-candidate,gid://shopify/Page/107362550042,Welsh Winter Special,welsh-winter-special,,,/pages/welsh-winter-special,true,2022-12-18T16:17:46Z,2022-12-18T16:08:40Z,2023-01-20T12:41:47Z,,true,150,html,1566,3309,no,,,,,,2,no,0,1,1,0,,C,table,yes,KEEP,no,Past event page only (no article duplicate). Canonical = /pages/welsh-winter-special. Type past_event. Listed from /pages/past-events.
page,past_event_redirect,gid://shopify/Page/111419719962,Spring Super Seminar,spring-super-seminar,,,/pages/spring-super-seminar,true,2023-02-16T16:59:33Z,2023-02-16T16:59:33Z,2024-01-10T13:07:05Z,,true,150,html,1397,2181,no,,,,,,1,no,0,1,1,0,,A,,yes,REDIRECT,no,Approved Phase 2D: 301 → /blogs/blog/spring-super-seminar (canonical past-event recap). Do not create a second content record.
page,past_event_redirect,gid://shopify/Page/84778418236,Summer Seaside Special,summer-seaside-special,,,/pages/summer-seaside-special,true,2022-04-09T09:42:35Z,2022-04-09T09:42:35Z,2024-01-10T13:07:22Z,,true,150,html,742,1240,no,,,,,,1,no,0,1,1,0,,A,,yes,REDIRECT,no,Approved Phase 2D: 301 → /blogs/blog/summer-seaside-special (canonical past-event recap). Do not create a second content record.
page,page,gid://shopify/Page/48251174972,BJJ in Kingston-Upon-Thames,bjj-in-kingston-upon-thames,,,/pages/bjj-in-kingston-upon-thames,true,2015-09-20T23:00:00Z,2020-01-03T02:11:40Z,2024-04-06T12:39:27Z,,true,150,html,898,1502,no,,,BJJ in Kingston-Upon-Thames | The Jiu Jitsu Brotherhood,"BJJ in Kingston-Upon-Thames | High-Quality Brazilian Jiu Jitsu Classes in Kingston-Upon-Thames Kingston Jiu Jitsu is a Brazilian Jiu-Jitsu (BJJ) academy based in Kingston-upon-Thames. Founded in 2012, it was initially the home club of Jiu-Jitsu Brotherhood founder and Head Instructor Nicolas Gregoriades bef",,1,no,0,0,1,0,,A,,yes,REDIRECT,no,Past Events N/A | Phase 2A: 301 to https://www.kingstonjiujitsu.com/
page,page,gid://shopify/Page/243009479,About,about,,,/pages/about,true,2009-08-18T23:00:00Z,2016-12-17T05:58:33Z,2024-04-11T08:39:25Z,,true,150,html,1247,2735,no,,,About | The Jiu Jitsu Brotherhood,About | photo credit: Sanet van Rooyen The idea for the Jiu Jitsu Brotherhood came to me several years ago during an intense sparring session with one of my instructors. The experience was so powerful and transformative that it made me realise that jiu jitsu is far more than a body of knowledge and an art,,4,no,0,1,0,0,,A,,yes,KEEP,no,About | Core brand page
page,page,gid://shopify/Page/81074257980,Do not sell my personal information,ccpa-opt-out,,,/pages/ccpa-opt-out,true,2021-09-09T00:10:57Z,2021-09-09T00:10:57Z,2024-09-16T21:32:05Z,,true,150,html,1152,2085,no,,,,,,0,no,0,0,0,0,,D,script,yes,KEEP / REBUILD,no,Approved: do not migrate Shopify legal boilerplate. Unpublished/noindex placeholder until JJB legal pack under Kingston Jiu Jitsu Ltd.
page,mailerlite-resource,gid://shopify/Page/48398041148,How to Suck Less at Jiu Jitsu,how-to-suck-less-at-jiu-jitsu,,,/pages/how-to-suck-less-at-jiu-jitsu,true,2025-08-26T15:58:14Z,2020-01-17T19:42:49Z,2025-08-27T10:37:02Z,,false,0,html,0,0,no,,,How to Suck Less at Jiu Jitsu | The Jiu Jitsu Brotherhood,"Download our free guide How to Suck Less at Jiu Jitsu and get 101 practical tips to improve your training, mindset, and progress on the mats.",,0,no,0,0,0,0,,D,empty-or-near-empty;pagefly-or-theme,no,KEEP / REBUILD,no,Approved Phase 2D: KEEP/REBUILD at same URL. PageFly layout + MailerLite form code a1f8n6 (mlb2-1722026). Do not migrate PDF; keep MailerLite delivery.
page,page,gid://shopify/Page/153195282714,The Oliver Geddes Foundation,the-oliver-geddes-foundation,,,/pages/the-oliver-geddes-foundation,true,2025-10-06T07:49:09Z,2025-10-06T07:49:12Z,2025-10-08T06:48:39Z,,true,150,html,1287,3438,no,,,,"A tribute to Oliver Geddes and the Foundation created in his memory. Learn more, support the cause, and stay updated on the upcoming Jiu Jitsu Brotherhood seminar.",,1,no,0,0,2,0,,A,,yes,KEEP,no,Content page | Substantial HTML body available
page,mailerlite-resource,gid://shopify/Page/48397025340,The Beginner's Guide to BJJ,beginners-guide-to-bjj-signup,,,/pages/beginners-guide-to-bjj-signup,true,2020-04-07T21:39:37Z,2020-01-17T18:02:01Z,2025-10-13T12:17:01Z,,false,0,html,0,0,no,,,The Beginner's Guide to BJJ | The Jiu Jitsu Brotherhood,The Beginner's Guide to BJJ |,,0,no,0,0,0,0,,D,empty-or-near-empty;pagefly-or-theme,no,KEEP / REBUILD,no,Approved Phase 2D: KEEP/REBUILD at same URL. PageFly layout + MailerLite form code n2l0c2 (mlb2-1721794). Do not migrate PDF; keep MailerLite delivery. Native JJB landing + existing ML embed.
page,network-landing,gid://shopify/Page/84113096764,Jiu Jitsu Brotherhood Club Network,jiu-jitsu-brotherhood-club-network,,,/pages/jiu-jitsu-brotherhood-club-network,true,2022-03-10T02:17:06Z,2022-03-10T02:17:06Z,2026-01-06T09:18:31Z,,false,0,html,0,0,no,,,,,,0,no,0,0,0,0,,D,empty-or-near-empty;pagefly-or-theme,no,KEEP / REBUILD,yes,Approved: Club Network is separate from Past Events — do not merge into past_event type or /pages/past-events. Treatment decided later after page inspect/rebuild.
page,page,gid://shopify/Page/48250814524,The BJJ Belt System: From White to Black,progression-the-belt-system,,,/pages/progression-the-belt-system,true,2011-07-17T23:00:00Z,2020-01-03T02:11:21Z,2026-03-27T16:12:32Z,,true,150,html,4392,11944,no,,,The BJJ Belt System: From White to Black | The Jiu Jitsu Brotherhood,"Learn what each BJJ belt really means, from white to black, including key goals, skills, and mindset at every stage of your jiu-jitsu journey.",,1,no,0,0,0,0,,A,,yes,KEEP,no,Educational page (belt system) | Stage 5 once wanted article slug; Phase 2A preserves /pages/ handle
page,page,gid://shopify/Page/48251306044,Thank You For Signing Up,sign-up-thank-you,,,/pages/sign-up-thank-you,true,2016-11-01T00:00:00Z,2020-01-03T02:11:41Z,2026-03-27T16:16:18Z,,true,140,html,140,257,no,,,Thank You For Signing Up | The Jiu Jitsu Brotherhood,"Join Our Mailing List | BJJ Tips, Updates & Offers
",,0,no,0,0,0,0,,A,,yes,KEEP / REBUILD,yes,Approved: preserve existing MailerLite success behaviour. Keep only if ML/automation still deep-links here; otherwise leave unlinked/410 later.
page,page,gid://shopify/Page/48251240508,Can't Find That...,cant-find-that,,,/pages/cant-find-that,true,2016-11-01T00:00:00Z,2020-01-03T02:11:41Z,2026-03-27T16:18:39Z,,true,147,html,147,313,no,,,Can't Find That... | The Jiu Jitsu Brotherhood,Can't Find That... | Looks like that piece of content has been moved. ,,0,no,0,0,0,0,,A,,yes,REMOVE / 410,no,Custom soft-404. Use Next.js not-found instead; do not migrate.
page,page,gid://shopify/Page/79632891964,CLOSED: BJJ Building Blocks and BJJ Learning Sites,closed-bjj-building-blocks-and-bjj-learning-sites,,,/pages/closed-bjj-building-blocks-and-bjj-learning-sites,true,2021-04-18T15:32:40Z,2021-04-10T02:02:17Z,2026-03-27T16:19:32Z,,true,150,html,265,1116,no,,,,,,0,no,0,1,0,0,,A,,yes,REMOVE / 410,no,Retired course | Phase 2A 410; do not homepage-dump
page,page,gid://shopify/Page/48251371580,Disclaimer,disclaimer,,,/pages/disclaimer,true,2017-04-12T23:00:00Z,2020-01-03T02:11:41Z,2026-03-27T16:20:45Z,,true,150,html,1090,1288,no,,,Disclaimer | The Jiu Jitsu Brotherhood,"Read our BJJ disclaimer covering training risks, safety guidance, and liability. Important information before practising techniques or exercises.",,0,no,0,0,0,0,,A,,yes,KEEP / REBUILD,no,Legal-adjacent; rebuild with JJB legal pack under Kingston Jiu Jitsu Ltd. Placeholder until then.
page,page,gid://shopify/Page/48251469884,Copyright Notice,copyright-notice,,,/pages/copyright-notice,true,2017-07-30T23:00:00Z,2020-01-03T02:11:42Z,2026-03-27T16:22:14Z,,true,150,html,667,960,no,,,Copyright Notice | The Jiu Jitsu Brotherhood,"Read our copyright notice outlining ownership, permitted use, and restrictions on reproducing or sharing content from our website.",,0,no,0,0,0,0,,A,,yes,KEEP / REBUILD,no,Approved: legal rebuild later under Kingston Jiu Jitsu Ltd. Unpublished/noindex placeholder; do not invent copy.
page,resource-candidate,gid://shopify/Page/8022818876,Jiu Jitsu Training Secrets,jiu-jitsu-training-secrets,,,/pages/jiu-jitsu-training-secrets,false,,2018-08-11T04:19:17Z,2026-03-27T16:22:51Z,,true,150,html,949,25777,no,,,Jiu Jitsu Training Secrets | The Jiu Jitsu Brotherhood,"Jiu Jitsu Training Secrets | 


















FREE 'Jiu Jitsu Training Secrets' Book
The book features over 100 easy-to-implement tips that you can start using to improve your game immediately.

Enter your email address below to receive Jiu Jitsu Training Secrets
 













  












 

I understan",,2,no,0,2,2,2,,D,script;div-heavy,yes,REMOVE / 410,no,Phase 2A 410. Contains older MailerLite embed mlb2-1004924/g4z7y0 — not the live Free Stuff forms. Do not revive.
page,event-candidate,gid://shopify/Page/158026596634,Oli Geddes Foundation Charity Event | Kingston Jiu Jitsu,oli-geddes-foundation-charity-event-kingston-jiu-jitsu,,,/pages/oli-geddes-foundation-charity-event-kingston-jiu-jitsu,true,2026-03-17T11:30:26Z,2026-03-17T11:28:39Z,2026-05-06T06:32:04Z,,true,150,html,1667,3384,no,,,,"Join a 3-hour Brazilian Jiu Jitsu seminar in Kingston upon Thames supporting the Oli Geddes Foundation. Donate, then book your place. Sunday 24 May 2026.",,1,no,0,0,4,0,,A,,yes,KEEP,no,Past charity event page. Canonical = this URL. Type past_event.
event-product,event-candidate,gid://shopify/Product/9851350319386,Summer Super Seminar 2025,summer-super-seminar-2025,,,/products/summer-super-seminar-2025,false,,2025-03-28T11:03:11Z,2026-08-22T16:22:12Z,,false,0,product,0,0,true,https://cdn.shopify.com/s/files/1/0363/5125/files/instaSUMMERSUPERSEM62025.jpg?v=1743160165,,,,,0,no,0,0,0,0,,E,event-ticket-product,n/a,NEEDS DECISION,yes,status=DRAFT; commerce product — Past Events editorial vs shop ticket
event-product,event-candidate,gid://shopify/Product/9135748317466,2nd Summer Seaside Special Super Seminar,2nd-summer-seaside-special-super-seminar,,,/products/2nd-summer-seaside-special-super-seminar,false,,2024-04-10T09:36:37Z,2026-08-22T17:37:01Z,,false,0,product,0,0,true,https://cdn.shopify.com/s/files/1/0363/5125/files/summerspecialmiadinsta24.jpg?v=1716987025,,,,,0,no,0,0,0,0,,E,event-ticket-product,n/a,NEEDS DECISION,yes,status=DRAFT; commerce product — Past Events editorial vs shop ticket
event-product,event-candidate,gid://shopify/Product/9515462131994,Jiu Jitsu Brotherhood Club Network Adults Competition,jiu-jitsu-brotherhood-club-network-adults-competition,,,/products/jiu-jitsu-brotherhood-club-network-adults-competition,false,,2024-07-18T11:39:52Z,2026-08-22T18:18:04Z,,false,0,product,0,0,true,https://cdn.shopify.com/s/files/1/0363/5125/files/JJBAdultComp2025.png?v=1752484931,,,,,0,no,0,0,0,0,,E,event-ticket-product,n/a,NEEDS DECISION,yes,status=DRAFT; commerce product — Past Events editorial vs shop ticket
event-product,event-candidate,gid://shopify/Product/8905420996890,Jiu Jitsu Brotherhood Club Network Kids Competition,kids-club-network-interclub-competition-2026,,,/products/kids-club-network-interclub-competition-2026,true,,2024-01-10T12:00:12Z,2026-08-22T18:25:03Z,,false,0,product,0,0,true,https://cdn.shopify.com/s/files/1/0363/5125/files/JJBKidsInterclub2026_38433ea1-43ca-42f4-84d3-efcfa113f617.png?v=1768830136,,,,,0,no,0,0,0,0,,E,event-ticket-product,n/a,NEEDS DECISION,yes,status=ACTIVE; commerce product — Past Events editorial vs shop ticket
